spec,spec_id,gamma_ebic,wave,trust_stratum,n_cc,context_id,network_id,edge_id,from,to,edge_a,edge_b,sample_weight,boot_mean,boot_sd,ci_low,ci_high,prop_nonzero,n_boot
g05,gamma_05,0.5,55,high,309,ctx_w55_high,net_g05_w55_high,net_g05_w55_high__AFF_FEAR__AFF_WORRY,AFF_FEAR,AFF_WORRY,AFF_FEAR,AFF_WORRY,0.5773953967834455,0.5601250963464212,0.05011639385882334,0.45658258587738704,0.6468484498121987,1,1000
g05,gamma_05,0.5,55,high,309,ctx_w55_high,net_g05_w55_high,net_g05_w55_high__USE2_AVOID__USE2_SPACE150,USE2_AVOID,USE2_SPACE150,USE2_AVOID,USE2_SPACE150,0.23794117201823065,0.23291793921770126,0.052969884295411794,0.12388080982809845,0.3361303991520831,1,1000
g05,gamma_05,0.5,55,high,309,ctx_w55_high,net_g05_w55_high,net_g05_w55_high__USE2_MASK__USE2_SPACE150,USE2_MASK,USE2_SPACE150,USE2_MASK,USE2_SPACE150,0.2135914208761486,0.20077868296656384,0.06549991267099178,0.0663581217058019,0.3198838531446905,0.997,1000
g05,gamma_05,0.5,55,high,309,ctx_w55_high,net_g05_w55_high,net_g05_w55_high__USE2_HANDWASH20__USE2_SPACE150,USE2_HANDWASH20,USE2_SPACE150,USE2_HANDWASH20,USE2_SPACE150,0.20336355498735834,0.19716488035881544,0.06076647461374164,0.07526566404608773,0.31615420747471085,1,1000
g05,gamma_05,0.5,55,high,309,ctx_w55_high,net_g05_w55_high,net_g05_w55_high__AFF_FEAR__SEVERITY,AFF_FEAR,SEVERITY,AFF_FEAR,SEVERITY,0.1963276125072141,0.19912282405097212,0.04964673219296397,0.09253926858125618,0.29162456489276967,1,1000
g05,gamma_05,0.5,55,high,309,ctx_w55_high,net_g05_w55_high,net_g05_w55_high__USE2_HANDWASH20__USE2_MASK,USE2_HANDWASH20,USE2_MASK,USE2_HANDWASH20,USE2_MASK,0.1832615370381657,0.17059875677859887,0.057138212356283705,0.054651436729063196,0.28380802982468,0.995,1000
g05,gamma_05,0.5,55,high,309,ctx_w55_high,net_g05_w55_high,net_g05_w55_high__AFF_FEAR__WORRY_HEALTH_SYSTEM,AFF_FEAR,WORRY_HEALTH_SYSTEM,AFF_FEAR,WORRY_HEALTH_SYSTEM,0.1779615024282843,0.1737192345307551,0.058308889951233275,0.05372567556032543,0.2805722803758895,0.999,1000
g05,gamma_05,0.5,55,high,309,ctx_w55_high,net_g05_w55_high,net_g05_w55_high__USE2_AVOID__USE2_HANDWASH20,USE2_AVOID,USE2_HANDWASH20,USE2_AVOID,USE2_HANDWASH20,0.14458602799239598,0.13963581223970847,0.05290903643583746,0.031491834607609105,0.2422949497214615,0.995,1000
g05,gamma_05,0.5,55,high,309,ctx_w55_high,net_g05_w55_high,net_g05_w55_high__SEVERITY__USE2_AVOID,SEVERITY,USE2_AVOID,SEVERITY,USE2_AVOID,0.14076433851938153,0.13117569319387964,0.0521275555904269,0.02478151018970651,0.23460411876197204,0.989,1000
g05,gamma_05,0.5,55,high,309,ctx_w55_high,net_g05_w55_high,net_g05_w55_high__SEVERITY__USE2_SPACE150,SEVERITY,USE2_SPACE150,SEVERITY,USE2_SPACE150,0.12741390578398498,0.12206730750400599,0.056559516354948214,0,0.23535675301697975,0.972,1000
g05,gamma_05,0.5,55,high,309,ctx_w55_high,net_g05_w55_high,net_g05_w55_high__SEVERITY__WORRY_HEALTH_SYSTEM,SEVERITY,WORRY_HEALTH_SYSTEM,SEVERITY,WORRY_HEALTH_SYSTEM,0.10251199448510079,0.09192092276731563,0.05140057430498323,0,0.18979274339847177,0.944,1000
g05,gamma_05,0.5,55,high,309,ctx_w55_high,net_g05_w55_high,net_g05_w55_high__SEVERITY__USE2_MASK,SEVERITY,USE2_MASK,SEVERITY,USE2_MASK,-0.08060195177539012,-0.06335080713482202,0.06639603044671721,-0.1990387811125364,0,0.59,1000
g05,gamma_05,0.5,55,high,309,ctx_w55_high,net_g05_w55_high,net_g05_w55_high__USE2_MASK__WORRY_HEALTH_SYSTEM,USE2_MASK,WORRY_HEALTH_SYSTEM,USE2_MASK,WORRY_HEALTH_SYSTEM,0.07801505102384881,0.06644056220498064,0.052470502952310254,0,0.17657856495620872,0.803,1000
g05,gamma_05,0.5,55,high,309,ctx_w55_high,net_g05_w55_high,net_g05_w55_high__AFF_FEAR__USE2_AVOID,AFF_FEAR,USE2_AVOID,AFF_FEAR,USE2_AVOID,0.07112661754660068,0.06952664667981141,0.04679331621315258,0,0.1627933580269244,0.89,1000
g05,gamma_05,0.5,55,high,309,ctx_w55_high,net_g05_w55_high,net_g05_w55_high__AFF_WORRY__WORRY_HEALTH_SYSTEM,AFF_WORRY,WORRY_HEALTH_SYSTEM,AFF_WORRY,WORRY_HEALTH_SYSTEM,0.06948547004146065,0.06930888501420843,0.05435661842493666,0,0.1896157042801939,0.833,1000
g05,gamma_05,0.5,55,high,309,ctx_w55_high,net_g05_w55_high,net_g05_w55_high__AFF_WORRY__SEVERITY,AFF_WORRY,SEVERITY,AFF_WORRY,SEVERITY,0.06637298545475205,0.06675668554193773,0.048471230056561614,0,0.16854165424180123,0.871,1000
g05,gamma_05,0.5,55,high,309,ctx_w55_high,net_g05_w55_high,net_g05_w55_high__USE2_AVOID__USE2_MASK,USE2_AVOID,USE2_MASK,USE2_AVOID,USE2_MASK,0.05174009537530275,0.05026294008753497,0.04434698554091125,0,0.1534064095412141,0.743,1000
g05,gamma_05,0.5,55,high,309,ctx_w55_high,net_g05_w55_high,net_g05_w55_high__SEVERITY__USE2_HANDWASH20,SEVERITY,USE2_HANDWASH20,SEVERITY,USE2_HANDWASH20,0.03889616730619339,0.036232413447130095,0.038014226437470565,0,0.12407380771912746,0.663,1000
g05,gamma_05,0.5,55,high,309,ctx_w55_high,net_g05_w55_high,net_g05_w55_high__AFF_WORRY__USE2_AVOID,AFF_WORRY,USE2_AVOID,AFF_WORRY,USE2_AVOID,0.034850927997927675,0.04017233777580676,0.0415543102155052,0,0.13247787243809475,0.698,1000
g05,gamma_05,0.5,55,high,309,ctx_w55_high,net_g05_w55_high,net_g05_w55_high__USE2_AVOID__WORRY_HEALTH_SYSTEM,USE2_AVOID,WORRY_HEALTH_SYSTEM,USE2_AVOID,WORRY_HEALTH_SYSTEM,0.03478317898092945,0.03627128272246413,0.040338449288654876,0,0.13084509072717884,0.667,1000
g05,gamma_05,0.5,55,high,309,ctx_w55_high,net_g05_w55_high,net_g05_w55_high__AFF_WORRY__USE2_HANDWASH20,AFF_WORRY,USE2_HANDWASH20,AFF_WORRY,USE2_HANDWASH20,0.031621418701632376,0.02911942057054114,0.0357661131696106,0,0.11868877728169919,0.586,1000
g05,gamma_05,0.5,55,high,309,ctx_w55_high,net_g05_w55_high,net_g05_w55_high__USE2_HANDWASH20__WORRY_HEALTH_SYSTEM,USE2_HANDWASH20,WORRY_HEALTH_SYSTEM,USE2_HANDWASH20,WORRY_HEALTH_SYSTEM,0.029512325264421418,0.033294331268692655,0.04143541941246366,0,0.12888180281645883,0.601,1000
g05,gamma_05,0.5,55,high,309,ctx_w55_high,net_g05_w55_high,net_g05_w55_high__USE2_SPACE150__WORRY_HEALTH_SYSTEM,USE2_SPACE150,WORRY_HEALTH_SYSTEM,USE2_SPACE150,WORRY_HEALTH_SYSTEM,0.024668800002465897,0.03558436202225742,0.04130225233522965,0,0.13247206014620241,0.626,1000
g05,gamma_05,0.5,55,high,309,ctx_w55_high,net_g05_w55_high,net_g05_w55_high__AFF_FEAR__USE2_MASK,AFF_FEAR,USE2_MASK,AFF_FEAR,USE2_MASK,0.019015542587032665,0.030214691961986784,0.038906494659050446,0,0.12954002587398425,0.523,1000
g05,gamma_05,0.5,55,high,309,ctx_w55_high,net_g05_w55_high,net_g05_w55_high__AFF_FEAR__USE2_HANDWASH20,AFF_FEAR,USE2_HANDWASH20,AFF_FEAR,USE2_HANDWASH20,0.012653035510239323,0.020146752042157594,0.02921681823367172,0,0.09447528805938,0.495,1000
g05,gamma_05,0.5,55,high,309,ctx_w55_high,net_g05_w55_high,net_g05_w55_high__AFF_FEAR__USE2_SPACE150,AFF_FEAR,USE2_SPACE150,AFF_FEAR,USE2_SPACE150,0,-0.011245340999782123,0.03160555352458013,-0.10851669031331322,0.0051382334842249786,0.196,1000
g05,gamma_05,0.5,55,high,309,ctx_w55_high,net_g05_w55_high,net_g05_w55_high__AFF_WORRY__USE2_MASK,AFF_WORRY,USE2_MASK,AFF_WORRY,USE2_MASK,0,-0.0048606532082896324,0.021663677978028657,-0.07925149548333618,0.016012508981201854,0.132,1000
g05,gamma_05,0.5,55,high,309,ctx_w55_high,net_g05_w55_high,net_g05_w55_high__AFF_WORRY__USE2_SPACE150,AFF_WORRY,USE2_SPACE150,AFF_WORRY,USE2_SPACE150,0,0.0036045182905767126,0.01914779100959484,-0.02795796437715494,0.0625397843917543,0.189,1000
g05,gamma_05,0.5,55,low,376,ctx_w55_low,net_g05_w55_low,net_g05_w55_low__AFF_FEAR__AFF_WORRY,AFF_FEAR,AFF_WORRY,AFF_FEAR,AFF_WORRY,0.5527480127279474,0.548203066747293,0.04369285522706591,0.46359155745611036,0.6312730138907409,1,1000
g05,gamma_05,0.5,55,low,376,ctx_w55_low,net_g05_w55_low,net_g05_w55_low__USE2_MASK__USE2_SPACE150,USE2_MASK,USE2_SPACE150,USE2_MASK,USE2_SPACE150,0.327032216961362,0.32389285441749355,0.05037099444732312,0.22394805746008273,0.4233346628342871,1,1000
g05,gamma_05,0.5,55,low,376,ctx_w55_low,net_g05_w55_low,net_g05_w55_low__USE2_AVOID__USE2_SPACE150,USE2_AVOID,USE2_SPACE150,USE2_AVOID,USE2_SPACE150,0.277096243350879,0.2727475502705894,0.04931236725529776,0.1738250976472927,0.3666850425945424,1,1000
g05,gamma_05,0.5,55,low,376,ctx_w55_low,net_g05_w55_low,net_g05_w55_low__AFF_FEAR__SEVERITY,AFF_FEAR,SEVERITY,AFF_FEAR,SEVERITY,0.267758140236528,0.26437856410594607,0.05080903367202219,0.16162854403575241,0.3644954552322113,1,1000
g05,gamma_05,0.5,55,low,376,ctx_w55_low,net_g05_w55_low,net_g05_w55_low__USE2_HANDWASH20__USE2_SPACE150,USE2_HANDWASH20,USE2_SPACE150,USE2_HANDWASH20,USE2_SPACE150,0.230419916269903,0.22944520058843632,0.054507568196882614,0.12291169798861748,0.3354015735040455,1,1000
g05,gamma_05,0.5,55,low,376,ctx_w55_low,net_g05_w55_low,net_g05_w55_low__SEVERITY__WORRY_HEALTH_SYSTEM,SEVERITY,WORRY_HEALTH_SYSTEM,SEVERITY,WORRY_HEALTH_SYSTEM,0.18673946897873334,0.1774991519703076,0.052508645961166805,0.07507402199569382,0.2783941274926159,0.999,1000
g05,gamma_05,0.5,55,low,376,ctx_w55_low,net_g05_w55_low,net_g05_w55_low__USE2_AVOID__USE2_MASK,USE2_AVOID,USE2_MASK,USE2_AVOID,USE2_MASK,0.15832102143895202,0.15464609624473277,0.04211583931334185,0.07331794746881153,0.23742890720762255,1,1000
g05,gamma_05,0.5,55,low,376,ctx_w55_low,net_g05_w55_low,net_g05_w55_low__USE2_HANDWASH20__USE2_MASK,USE2_HANDWASH20,USE2_MASK,USE2_HANDWASH20,USE2_MASK,0.147115905845485,0.14784122606676378,0.050896212185025595,0.048764810888059326,0.2394260497961685,0.997,1000
g05,gamma_05,0.5,55,low,376,ctx_w55_low,net_g05_w55_low,net_g05_w55_low__USE2_HANDWASH20__WORRY_HEALTH_SYSTEM,USE2_HANDWASH20,WORRY_HEALTH_SYSTEM,USE2_HANDWASH20,WORRY_HEALTH_SYSTEM,0.14212799711894894,0.14084904604910073,0.04411535412179672,0.05275659821561398,0.22269032567065383,0.998,1000
g05,gamma_05,0.5,55,low,376,ctx_w55_low,net_g05_w55_low,net_g05_w55_low__USE2_MASK__WORRY_HEALTH_SYSTEM,USE2_MASK,WORRY_HEALTH_SYSTEM,USE2_MASK,WORRY_HEALTH_SYSTEM,0.13870368177811543,0.1292001344234071,0.04649447002062145,0.04330326644418159,0.22273157636344196,0.999,1000
g05,gamma_05,0.5,55,low,376,ctx_w55_low,net_g05_w55_low,net_g05_w55_low__USE2_AVOID__USE2_HANDWASH20,USE2_AVOID,USE2_HANDWASH20,USE2_AVOID,USE2_HANDWASH20,0.12193853626860328,0.12295533024071077,0.04392866160712795,0.037477655291304486,0.2056877207352902,0.997,1000
g05,gamma_05,0.5,55,low,376,ctx_w55_low,net_g05_w55_low,net_g05_w55_low__AFF_WORRY__WORRY_HEALTH_SYSTEM,AFF_WORRY,WORRY_HEALTH_SYSTEM,AFF_WORRY,WORRY_HEALTH_SYSTEM,0.1110523373220375,0.10505438761438053,0.053525109215418976,0,0.21302940567203996,0.974,1000
g05,gamma_05,0.5,55,low,376,ctx_w55_low,net_g05_w55_low,net_g05_w55_low__AFF_FEAR__USE2_AVOID,AFF_FEAR,USE2_AVOID,AFF_FEAR,USE2_AVOID,0.10736777239394048,0.10578490817802408,0.0480485729121171,0.013445275971737497,0.2010638144082882,0.991,1000
g05,gamma_05,0.5,55,low,376,ctx_w55_low,net_g05_w55_low,net_g05_w55_low__AFF_FEAR__WORRY_HEALTH_SYSTEM,AFF_FEAR,WORRY_HEALTH_SYSTEM,AFF_FEAR,WORRY_HEALTH_SYSTEM,0.09586571542963106,0.10402919334937338,0.04875165863996404,0.013384170523447472,0.20044980308276336,0.986,1000
g05,gamma_05,0.5,55,low,376,ctx_w55_low,net_g05_w55_low,net_g05_w55_low__AFF_WORRY__SEVERITY,AFF_WORRY,SEVERITY,AFF_WORRY,SEVERITY,0.08234381910476314,0.08253455990507365,0.05675069613397747,0,0.2012810029009173,0.893,1000
g05,gamma_05,0.5,55,low,376,ctx_w55_low,net_g05_w55_low,net_g05_w55_low__AFF_WORRY__USE2_SPACE150,AFF_WORRY,USE2_SPACE150,AFF_WORRY,USE2_SPACE150,0.07054136225720918,0.062399039251862465,0.037205248532653494,0,0.1395770563511614,0.935,1000
g05,gamma_05,0.5,55,low,376,ctx_w55_low,net_g05_w55_low,net_g05_w55_low__AFF_WORRY__USE2_AVOID,AFF_WORRY,USE2_AVOID,AFF_WORRY,USE2_AVOID,0.06248611212904433,0.06108982381939752,0.043938568343834916,0,0.14871460123497615,0.865,1000
g05,gamma_05,0.5,55,low,376,ctx_w55_low,net_g05_w55_low,net_g05_w55_low__USE2_AVOID__WORRY_HEALTH_SYSTEM,USE2_AVOID,WORRY_HEALTH_SYSTEM,USE2_AVOID,WORRY_HEALTH_SYSTEM,0.031643810010474976,0.03622521080570778,0.03884362696027559,0,0.1239944066592914,0.678,1000
g05,gamma_05,0.5,55,low,376,ctx_w55_low,net_g05_w55_low,net_g05_w55_low__SEVERITY__USE2_MASK,SEVERITY,USE2_MASK,SEVERITY,USE2_MASK,0.017327009891750893,0.019740927006547677,0.030635135540138723,0,0.09630302308248387,0.519,1000
g05,gamma_05,0.5,55,low,376,ctx_w55_low,net_g05_w55_low,net_g05_w55_low__AFF_WORRY__USE2_MASK,AFF_WORRY,USE2_MASK,AFF_WORRY,USE2_MASK,0.015562823994126534,0.0227561209482099,0.027814643854107444,0,0.0910241637263111,0.608,1000
g05,gamma_05,0.5,55,low,376,ctx_w55_low,net_g05_w55_low,net_g05_w55_low__SEVERITY__USE2_AVOID,SEVERITY,USE2_AVOID,SEVERITY,USE2_AVOID,0.014995473922375263,0.019809830088187173,0.03103393358517873,0,0.10171375832242642,0.503,1000
g05,gamma_05,0.5,55,low,376,ctx_w55_low,net_g05_w55_low,net_g05_w55_low__SEVERITY__USE2_SPACE150,SEVERITY,USE2_SPACE150,SEVERITY,USE2_SPACE150,0.013681327594707233,0.01671283132979069,0.026431767489791452,0,0.08588975916011869,0.473,1000
g05,gamma_05,0.5,55,low,376,ctx_w55_low,net_g05_w55_low,net_g05_w55_low__SEVERITY__USE2_HANDWASH20,SEVERITY,USE2_HANDWASH20,SEVERITY,USE2_HANDWASH20,0.00463087068002591,0.020423015413640503,0.03117619338102254,0,0.10120506933497096,0.487,1000
g05,gamma_05,0.5,55,low,376,ctx_w55_low,net_g05_w55_low,net_g05_w55_low__AFF_FEAR__USE2_HANDWASH20,AFF_FEAR,USE2_HANDWASH20,AFF_FEAR,USE2_HANDWASH20,0,-0.014949470166460794,0.029427908600154266,-0.09500553019280576,0,0.28,1000
g05,gamma_05,0.5,55,low,376,ctx_w55_low,net_g05_w55_low,net_g05_w55_low__AFF_FEAR__USE2_MASK,AFF_FEAR,USE2_MASK,AFF_FEAR,USE2_MASK,0,0.003501932035545159,0.013232392714317398,0,0.04452037766288708,0.199,1000
g05,gamma_05,0.5,55,low,376,ctx_w55_low,net_g05_w55_low,net_g05_w55_low__AFF_FEAR__USE2_SPACE150,AFF_FEAR,USE2_SPACE150,AFF_FEAR,USE2_SPACE150,0,0.0029466722239161994,0.01631799190974906,-0.021073917722004593,0.0439964911679194,0.204,1000
g05,gamma_05,0.5,55,low,376,ctx_w55_low,net_g05_w55_low,net_g05_w55_low__AFF_WORRY__USE2_HANDWASH20,AFF_WORRY,USE2_HANDWASH20,AFF_WORRY,USE2_HANDWASH20,0,0.0040235558682265036,0.023843786011341753,-0.053139963862010434,0.07084760117846163,0.282,1000
g05,gamma_05,0.5,55,low,376,ctx_w55_low,net_g05_w55_low,net_g05_w55_low__USE2_SPACE150__WORRY_HEALTH_SYSTEM,USE2_SPACE150,WORRY_HEALTH_SYSTEM,USE2_SPACE150,WORRY_HEALTH_SYSTEM,0,0.00919268568484915,0.023836944885429236,-0.010757905504453324,0.07394393855283421,0.352,1000
g05,gamma_05,0.5,56,high,351,ctx_w56_high,net_g05_w56_high,net_g05_w56_high__AFF_FEAR__AFF_WORRY,AFF_FEAR,AFF_WORRY,AFF_FEAR,AFF_WORRY,0.5311444236929834,0.5273308528113584,0.04619923371853825,0.43647327032533795,0.6201798938042724,1,1000
g05,gamma_05,0.5,56,high,351,ctx_w56_high,net_g05_w56_high,net_g05_w56_high__USE2_AVOID__USE2_SPACE150,USE2_AVOID,USE2_SPACE150,USE2_AVOID,USE2_SPACE150,0.261466332588217,0.25367950669798733,0.04970592284004788,0.15613640536288345,0.3447658518017628,1,1000
g05,gamma_05,0.5,56,high,351,ctx_w56_high,net_g05_w56_high,net_g05_w56_high__USE2_MASK__USE2_SPACE150,USE2_MASK,USE2_SPACE150,USE2_MASK,USE2_SPACE150,0.2533734286086674,0.2522118339604164,0.06480361310116074,0.12435110709296433,0.37514211288260124,1,1000
g05,gamma_05,0.5,56,high,351,ctx_w56_high,net_g05_w56_high,net_g05_w56_high__AFF_FEAR__SEVERITY,AFF_FEAR,SEVERITY,AFF_FEAR,SEVERITY,0.18447292932442755,0.17587403328381732,0.04943350413640983,0.08392692494294644,0.27027213721407534,0.999,1000
g05,gamma_05,0.5,56,high,351,ctx_w56_high,net_g05_w56_high,net_g05_w56_high__USE2_HANDWASH20__USE2_MASK,USE2_HANDWASH20,USE2_MASK,USE2_HANDWASH20,USE2_MASK,0.17954494510549457,0.17939099157765429,0.04871012215666767,0.08192055249942433,0.27323636685426306,0.999,1000
g05,gamma_05,0.5,56,high,351,ctx_w56_high,net_g05_w56_high,net_g05_w56_high__USE2_HANDWASH20__USE2_SPACE150,USE2_HANDWASH20,USE2_SPACE150,USE2_HANDWASH20,USE2_SPACE150,0.16746433660043636,0.16391038864823748,0.04873696010970018,0.07240972691380873,0.25672810202679,1,1000
g05,gamma_05,0.5,56,high,351,ctx_w56_high,net_g05_w56_high,net_g05_w56_high__USE2_AVOID__USE2_HANDWASH20,USE2_AVOID,USE2_HANDWASH20,USE2_AVOID,USE2_HANDWASH20,0.1614160941065311,0.15724007661801725,0.0442649218582542,0.07261622864477692,0.24555790331296276,0.999,1000
g05,gamma_05,0.5,56,high,351,ctx_w56_high,net_g05_w56_high,net_g05_w56_high__AFF_FEAR__WORRY_HEALTH_SYSTEM,AFF_FEAR,WORRY_HEALTH_SYSTEM,AFF_FEAR,WORRY_HEALTH_SYSTEM,0.12921511314181774,0.12190458764468051,0.05065302820722091,0.021636957773210865,0.22143697001950063,0.99,1000
g05,gamma_05,0.5,56,high,351,ctx_w56_high,net_g05_w56_high,net_g05_w56_high__SEVERITY__USE2_AVOID,SEVERITY,USE2_AVOID,SEVERITY,USE2_AVOID,0.1270750339510436,0.12668533379255548,0.04637824311418753,0.03062894336800838,0.21583256447260077,0.994,1000
g05,gamma_05,0.5,56,high,351,ctx_w56_high,net_g05_w56_high,net_g05_w56_high__SEVERITY__USE2_HANDWASH20,SEVERITY,USE2_HANDWASH20,SEVERITY,USE2_HANDWASH20,0.10326597434691034,0.10885940538391883,0.04954743857065162,0.006000594686543063,0.20552725822350706,0.976,1000
g05,gamma_05,0.5,56,high,351,ctx_w56_high,net_g05_w56_high,net_g05_w56_high__USE2_AVOID__WORRY_HEALTH_SYSTEM,USE2_AVOID,WORRY_HEALTH_SYSTEM,USE2_AVOID,WORRY_HEALTH_SYSTEM,0.09383266926754759,0.08899418182126285,0.046544221522508,0,0.18497110925944116,0.96,1000
g05,gamma_05,0.5,56,high,351,ctx_w56_high,net_g05_w56_high,net_g05_w56_high__USE2_HANDWASH20__WORRY_HEALTH_SYSTEM,USE2_HANDWASH20,WORRY_HEALTH_SYSTEM,USE2_HANDWASH20,WORRY_HEALTH_SYSTEM,0.07665823322751054,0.07435755269390924,0.04985742598515784,0,0.1720557456463489,0.884,1000
g05,gamma_05,0.5,56,high,351,ctx_w56_high,net_g05_w56_high,net_g05_w56_high__USE2_MASK__WORRY_HEALTH_SYSTEM,USE2_MASK,WORRY_HEALTH_SYSTEM,USE2_MASK,WORRY_HEALTH_SYSTEM,0.07410274364323768,0.07503727847760691,0.05207952464817641,0,0.18608763491986613,0.865,1000
g05,gamma_05,0.5,56,high,351,ctx_w56_high,net_g05_w56_high,net_g05_w56_high__AFF_WORRY__USE2_AVOID,AFF_WORRY,USE2_AVOID,AFF_WORRY,USE2_AVOID,0.06856159433914215,0.05994739700394441,0.03954788831008776,0,0.14185064828387298,0.893,1000
g05,gamma_05,0.5,56,high,351,ctx_w56_high,net_g05_w56_high,net_g05_w56_high__SEVERITY__USE2_SPACE150,SEVERITY,USE2_SPACE150,SEVERITY,USE2_SPACE150,0.06547783526443958,0.07081646759831745,0.04751099723153335,0,0.16729974829577837,0.887,1000
g05,gamma_05,0.5,56,high,351,ctx_w56_high,net_g05_w56_high,net_g05_w56_high__AFF_WORRY__WORRY_HEALTH_SYSTEM,AFF_WORRY,WORRY_HEALTH_SYSTEM,AFF_WORRY,WORRY_HEALTH_SYSTEM,0.05339893732043959,0.05612849970024875,0.04782530912098946,0,0.15824881176446154,0.797,1000
g05,gamma_05,0.5,56,high,351,ctx_w56_high,net_g05_w56_high,net_g05_w56_high__AFF_FEAR__USE2_AVOID,AFF_FEAR,USE2_AVOID,AFF_FEAR,USE2_AVOID,0.0470292017152531,0.05024841696155858,0.04188907787653934,0,0.14318372458472284,0.817,1000
g05,gamma_05,0.5,56,high,351,ctx_w56_high,net_g05_w56_high,net_g05_w56_high__USE2_SPACE150__WORRY_HEALTH_SYSTEM,USE2_SPACE150,WORRY_HEALTH_SYSTEM,USE2_SPACE150,WORRY_HEALTH_SYSTEM,0.03672454288717526,0.04216758426854378,0.04580727205098502,0,0.1562891445582131,0.681,1000
g05,gamma_05,0.5,56,high,351,ctx_w56_high,net_g05_w56_high,net_g05_w56_high__AFF_WORRY__SEVERITY,AFF_WORRY,SEVERITY,AFF_WORRY,SEVERITY,0.02232054637357074,0.03292282764169076,0.03980032347259913,0,0.12858100084723847,0.597,1000
g05,gamma_05,0.5,56,high,351,ctx_w56_high,net_g05_w56_high,net_g05_w56_high__AFF_FEAR__USE2_SPACE150,AFF_FEAR,USE2_SPACE150,AFF_FEAR,USE2_SPACE150,0.011277129314865878,0.016277432883503015,0.02538871723411079,0,0.08390390116547561,0.46,1000
g05,gamma_05,0.5,56,high,351,ctx_w56_high,net_g05_w56_high,net_g05_w56_high__USE2_AVOID__USE2_MASK,USE2_AVOID,USE2_MASK,USE2_AVOID,USE2_MASK,0.008019455233605326,0.023230582752480307,0.03177039923637442,0,0.10333311009800933,0.525,1000
g05,gamma_05,0.5,56,high,351,ctx_w56_high,net_g05_w56_high,net_g05_w56_high__AFF_FEAR__USE2_HANDWASH20,AFF_FEAR,USE2_HANDWASH20,AFF_FEAR,USE2_HANDWASH20,0,-0.005067241441795754,0.020354806286583916,-0.07500835477477975,0.008643850232056242,0.134,1000
g05,gamma_05,0.5,56,high,351,ctx_w56_high,net_g05_w56_high,net_g05_w56_high__AFF_FEAR__USE2_MASK,AFF_FEAR,USE2_MASK,AFF_FEAR,USE2_MASK,0,5.779393304749061e-4,0.020155800221340614,-0.05159452022616604,0.05256091827688086,0.158,1000
g05,gamma_05,0.5,56,high,351,ctx_w56_high,net_g05_w56_high,net_g05_w56_high__AFF_WORRY__USE2_HANDWASH20,AFF_WORRY,USE2_HANDWASH20,AFF_WORRY,USE2_HANDWASH20,0,0.00691849881868218,0.018026005506003032,0,0.06330483375297004,0.246,1000
g05,gamma_05,0.5,56,high,351,ctx_w56_high,net_g05_w56_high,net_g05_w56_high__AFF_WORRY__USE2_MASK,AFF_WORRY,USE2_MASK,AFF_WORRY,USE2_MASK,0,0.010871733837767019,0.022926869671274247,0,0.0774230547111542,0.292,1000
g05,gamma_05,0.5,56,high,351,ctx_w56_high,net_g05_w56_high,net_g05_w56_high__AFF_WORRY__USE2_SPACE150,AFF_WORRY,USE2_SPACE150,AFF_WORRY,USE2_SPACE150,0,0.01262483485352932,0.025585970285702905,0,0.07735922233287888,0.376,1000
g05,gamma_05,0.5,56,high,351,ctx_w56_high,net_g05_w56_high,net_g05_w56_high__SEVERITY__USE2_MASK,SEVERITY,USE2_MASK,SEVERITY,USE2_MASK,0,-0.028415889059763385,0.04703372216718004,-0.1414276846058036,0,0.344,1000
g05,gamma_05,0.5,56,high,351,ctx_w56_high,net_g05_w56_high,net_g05_w56_high__SEVERITY__WORRY_HEALTH_SYSTEM,SEVERITY,WORRY_HEALTH_SYSTEM,SEVERITY,WORRY_HEALTH_SYSTEM,0,0.011653769115283388,0.02459638396916791,0,0.07923579085956281,0.346,1000
g05,gamma_05,0.5,56,low,383,ctx_w56_low,net_g05_w56_low,net_g05_w56_low__AFF_FEAR__AFF_WORRY,AFF_FEAR,AFF_WORRY,AFF_FEAR,AFF_WORRY,0.5221423376802454,0.5163009391304512,0.040487692408575374,0.4365253522417518,0.5951509081569961,1,1000
g05,gamma_05,0.5,56,low,383,ctx_w56_low,net_g05_w56_low,net_g05_w56_low__USE2_MASK__USE2_SPACE150,USE2_MASK,USE2_SPACE150,USE2_MASK,USE2_SPACE150,0.35002775156231636,0.34393587950667626,0.047333364435483555,0.2472621408961931,0.4393071262100486,1,1000
g05,gamma_05,0.5,56,low,383,ctx_w56_low,net_g05_w56_low,net_g05_w56_low__USE2_AVOID__USE2_SPACE150,USE2_AVOID,USE2_SPACE150,USE2_AVOID,USE2_SPACE150,0.2674777242139272,0.2629477186409978,0.05056015348368096,0.16428341589548986,0.3612077785741135,1,1000
g05,gamma_05,0.5,56,low,383,ctx_w56_low,net_g05_w56_low,net_g05_w56_low__AFF_WORRY__SEVERITY,AFF_WORRY,SEVERITY,AFF_WORRY,SEVERITY,0.2505303401680201,0.24557375546029023,0.05070383214011912,0.14473338250648118,0.3434123781680846,1,1000
g05,gamma_05,0.5,56,low,383,ctx_w56_low,net_g05_w56_low,net_g05_w56_low__USE2_HANDWASH20__USE2_SPACE150,USE2_HANDWASH20,USE2_SPACE150,USE2_HANDWASH20,USE2_SPACE150,0.2402468056559029,0.2369135864722571,0.05335585883445306,0.13342783037136352,0.3431749429785618,1,1000
g05,gamma_05,0.5,56,low,383,ctx_w56_low,net_g05_w56_low,net_g05_w56_low__AFF_FEAR__SEVERITY,AFF_FEAR,SEVERITY,AFF_FEAR,SEVERITY,0.2227164780470164,0.22182392374328913,0.05276985229804715,0.11785979089172706,0.3208799298163312,1,1000
g05,gamma_05,0.5,56,low,383,ctx_w56_low,net_g05_w56_low,net_g05_w56_low__USE2_AVOID__USE2_HANDWASH20,USE2_AVOID,USE2_HANDWASH20,USE2_AVOID,USE2_HANDWASH20,0.1932708761353184,0.19028551279707623,0.05331573608307168,0.08326178331059174,0.2904234032141717,1,1000
g05,gamma_05,0.5,56,low,383,ctx_w56_low,net_g05_w56_low,net_g05_w56_low__AFF_WORRY__WORRY_HEALTH_SYSTEM,AFF_WORRY,WORRY_HEALTH_SYSTEM,AFF_WORRY,WORRY_HEALTH_SYSTEM,0.16652982430881774,0.16105568646639573,0.05128824907982548,0.05732197721231028,0.2595386730163667,0.999,1000
g05,gamma_05,0.5,56,low,383,ctx_w56_low,net_g05_w56_low,net_g05_w56_low__SEVERITY__USE2_AVOID,SEVERITY,USE2_AVOID,SEVERITY,USE2_AVOID,0.14666766730118003,0.13158320507376586,0.04344891064751919,0.04369603112704826,0.22096517040001368,0.998,1000
g05,gamma_05,0.5,56,low,383,ctx_w56_low,net_g05_w56_low,net_g05_w56_low__USE2_HANDWASH20__USE2_MASK,USE2_HANDWASH20,USE2_MASK,USE2_HANDWASH20,USE2_MASK,0.14032709015433636,0.1407662727627933,0.05366664751950122,0.03838282023593312,0.2496545391050165,0.997,1000
g05,gamma_05,0.5,56,low,383,ctx_w56_low,net_g05_w56_low,net_g05_w56_low__AFF_WORRY__USE2_MASK,AFF_WORRY,USE2_MASK,AFF_WORRY,USE2_MASK,0.12229661705761409,0.11027722099762924,0.03594997235365859,0.03311918893439898,0.1798509462233064,0.997,1000
g05,gamma_05,0.5,56,low,383,ctx_w56_low,net_g05_w56_low,net_g05_w56_low__AFF_FEAR__WORRY_HEALTH_SYSTEM,AFF_FEAR,WORRY_HEALTH_SYSTEM,AFF_FEAR,WORRY_HEALTH_SYSTEM,0.10783467175996483,0.10687637823144952,0.047657553178261924,0.01282924386841832,0.19899782172694438,0.986,1000
g05,gamma_05,0.5,56,low,383,ctx_w56_low,net_g05_w56_low,net_g05_w56_low__USE2_AVOID__USE2_MASK,USE2_AVOID,USE2_MASK,USE2_AVOID,USE2_MASK,0.09214448580647945,0.0885637748627857,0.044758359156125624,0,0.17587764131037592,0.97,1000
g05,gamma_05,0.5,56,low,383,ctx_w56_low,net_g05_w56_low,net_g05_w56_low__SEVERITY__WORRY_HEALTH_SYSTEM,SEVERITY,WORRY_HEALTH_SYSTEM,SEVERITY,WORRY_HEALTH_SYSTEM,0.0695622643782032,0.06537713889478398,0.045606671142283346,0,0.1626183589799563,0.897,1000
g05,gamma_05,0.5,56,low,383,ctx_w56_low,net_g05_w56_low,net_g05_w56_low__AFF_WORRY__USE2_SPACE150,AFF_WORRY,USE2_SPACE150,AFF_WORRY,USE2_SPACE150,0.042206815451439374,0.03386412812465656,0.031810428851184826,0,0.10562219630070678,0.754,1000
g05,gamma_05,0.5,56,low,383,ctx_w56_low,net_g05_w56_low,net_g05_w56_low__USE2_SPACE150__WORRY_HEALTH_SYSTEM,USE2_SPACE150,WORRY_HEALTH_SYSTEM,USE2_SPACE150,WORRY_HEALTH_SYSTEM,0.02792378411596073,0.02585447316476888,0.031512146449319815,0,0.09815949580286466,0.587,1000
g05,gamma_05,0.5,56,low,383,ctx_w56_low,net_g05_w56_low,net_g05_w56_low__SEVERITY__USE2_SPACE150,SEVERITY,USE2_SPACE150,SEVERITY,USE2_SPACE150,0.02748403598379894,0.029971377084472988,0.03062791960490687,0,0.10055766545831034,0.701,1000
g05,gamma_05,0.5,56,low,383,ctx_w56_low,net_g05_w56_low,net_g05_w56_low__AFF_FEAR__USE2_AVOID,AFF_FEAR,USE2_AVOID,AFF_FEAR,USE2_AVOID,0.02649133541278472,0.025795282997367375,0.02986295659026236,0,0.09620050510347586,0.616,1000
g05,gamma_05,0.5,56,low,383,ctx_w56_low,net_g05_w56_low,net_g05_w56_low__USE2_MASK__WORRY_HEALTH_SYSTEM,USE2_MASK,WORRY_HEALTH_SYSTEM,USE2_MASK,WORRY_HEALTH_SYSTEM,0.02245209411797425,0.0297708733421401,0.03810046051896048,0,0.12230109628175932,0.602,1000
g05,gamma_05,0.5,56,low,383,ctx_w56_low,net_g05_w56_low,net_g05_w56_low__USE2_AVOID__WORRY_HEALTH_SYSTEM,USE2_AVOID,WORRY_HEALTH_SYSTEM,USE2_AVOID,WORRY_HEALTH_SYSTEM,0.006242807817112218,0.017526187452877203,0.029064273745448895,0,0.09221232565515838,0.458,1000
g05,gamma_05,0.5,56,low,383,ctx_w56_low,net_g05_w56_low,net_g05_w56_low__AFF_FEAR__USE2_MASK,AFF_FEAR,USE2_MASK,AFF_FEAR,USE2_MASK,0.004185355562171251,0.012700138758328226,0.01907225238634625,0,0.06355658830621046,0.463,1000
g05,gamma_05,0.5,56,low,383,ctx_w56_low,net_g05_w56_low,net_g05_w56_low__AFF_FEAR__USE2_HANDWASH20,AFF_FEAR,USE2_HANDWASH20,AFF_FEAR,USE2_HANDWASH20,0,-0.007155736893985378,0.020464868813830916,-0.07094999053843182,0.010460621650113598,0.202,1000
g05,gamma_05,0.5,56,low,383,ctx_w56_low,net_g05_w56_low,net_g05_w56_low__AFF_FEAR__USE2_SPACE150,AFF_FEAR,USE2_SPACE150,AFF_FEAR,USE2_SPACE150,0,0.012905007999381187,0.021338826690045203,0,0.07249066282464488,0.421,1000
g05,gamma_05,0.5,56,low,383,ctx_w56_low,net_g05_w56_low,net_g05_w56_low__AFF_WORRY__USE2_AVOID,AFF_WORRY,USE2_AVOID,AFF_WORRY,USE2_AVOID,0,0.011914232045265158,0.021798960293493517,0,0.07560631927217373,0.386,1000
g05,gamma_05,0.5,56,low,383,ctx_w56_low,net_g05_w56_low,net_g05_w56_low__AFF_WORRY__USE2_HANDWASH20,AFF_WORRY,USE2_HANDWASH20,AFF_WORRY,USE2_HANDWASH20,0,-4.4960148905978187e-4,0.018202999635757174,-0.05158264603745603,0.03755745452997256,0.198,1000
g05,gamma_05,0.5,56,low,383,ctx_w56_low,net_g05_w56_low,net_g05_w56_low__SEVERITY__USE2_HANDWASH20,SEVERITY,USE2_HANDWASH20,SEVERITY,USE2_HANDWASH20,0,0.0022085923532311124,0.01995807140937299,-0.04553556698547808,0.053194763533009726,0.2,1000
g05,gamma_05,0.5,56,low,383,ctx_w56_low,net_g05_w56_low,net_g05_w56_low__SEVERITY__USE2_MASK,SEVERITY,USE2_MASK,SEVERITY,USE2_MASK,0,0.001413399473318261,0.019059713531196246,-0.05108926572945698,0.04956528943708446,0.197,1000
g05,gamma_05,0.5,56,low,383,ctx_w56_low,net_g05_w56_low,net_g05_w56_low__USE2_HANDWASH20__WORRY_HEALTH_SYSTEM,USE2_HANDWASH20,WORRY_HEALTH_SYSTEM,USE2_HANDWASH20,WORRY_HEALTH_SYSTEM,0,2.3615431116597672e-4,0.02092632761873425,-0.057697600502785586,0.04422386122075303,0.231,1000
g05,gamma_05,0.5,57,high,407,ctx_w57_high,net_g05_w57_high,net_g05_w57_high__AFF_FEAR__AFF_WORRY,AFF_FEAR,AFF_WORRY,AFF_FEAR,AFF_WORRY,0.4743366651653746,0.4660461979957473,0.05145020335306477,0.36096498353793044,0.5603251746204366,1,1000
g05,gamma_05,0.5,57,high,407,ctx_w57_high,net_g05_w57_high,net_g05_w57_high__AFF_WORRY__WORRY_HEALTH_SYSTEM,AFF_WORRY,WORRY_HEALTH_SYSTEM,AFF_WORRY,WORRY_HEALTH_SYSTEM,0.26013725281793015,0.2447655912119483,0.06131557866127394,0.1231925238516784,0.36289153809314,1,1000
g05,gamma_05,0.5,57,high,407,ctx_w57_high,net_g05_w57_high,net_g05_w57_high__USE2_AVOID__USE2_SPACE150,USE2_AVOID,USE2_SPACE150,USE2_AVOID,USE2_SPACE150,0.2594723466620323,0.24596240215717433,0.0516199397068643,0.14104533059019178,0.34492391985440907,1,1000
g05,gamma_05,0.5,57,high,407,ctx_w57_high,net_g05_w57_high,net_g05_w57_high__AFF_FEAR__SEVERITY,AFF_FEAR,SEVERITY,AFF_FEAR,SEVERITY,0.2289468255391511,0.22110157367308295,0.04773758345062683,0.12790652936128974,0.31854799385036786,1,1000
g05,gamma_05,0.5,57,high,407,ctx_w57_high,net_g05_w57_high,net_g05_w57_high__USE2_HANDWASH20__USE2_MASK,USE2_HANDWASH20,USE2_MASK,USE2_HANDWASH20,USE2_MASK,0.1960369247436114,0.18120376848723102,0.06630937582814025,0.04914277750047205,0.309171956756055,0.995,1000
g05,gamma_05,0.5,57,high,407,ctx_w57_high,net_g05_w57_high,net_g05_w57_high__USE2_HANDWASH20__USE2_SPACE150,USE2_HANDWASH20,USE2_SPACE150,USE2_HANDWASH20,USE2_SPACE150,0.11723534902493947,0.11023082368144854,0.04973799555021283,0,0.21194597280344074,0.97,1000
g05,gamma_05,0.5,57,high,407,ctx_w57_high,net_g05_w57_high,net_g05_w57_high__USE2_MASK__WORRY_HEALTH_SYSTEM,USE2_MASK,WORRY_HEALTH_SYSTEM,USE2_MASK,WORRY_HEALTH_SYSTEM,0.11375086878379939,0.10221333581116596,0.050914301714474405,0,0.206427794501924,0.959,1000
g05,gamma_05,0.5,57,high,407,ctx_w57_high,net_g05_w57_high,net_g05_w57_high__AFF_WORRY__SEVERITY,AFF_WORRY,SEVERITY,AFF_WORRY,SEVERITY,0.09386567845829775,0.0920768059725487,0.04802600747078132,0,0.18778587612759565,0.963,1000
g05,gamma_05,0.5,57,high,407,ctx_w57_high,net_g05_w57_high,net_g05_w57_high__USE2_HANDWASH20__WORRY_HEALTH_SYSTEM,USE2_HANDWASH20,WORRY_HEALTH_SYSTEM,USE2_HANDWASH20,WORRY_HEALTH_SYSTEM,0.0822927967992277,0.07342960842631406,0.047218018382802686,0,0.16660065207844493,0.889,1000
g05,gamma_05,0.5,57,high,407,ctx_w57_high,net_g05_w57_high,net_g05_w57_high__AFF_FEAR__USE2_AVOID,AFF_FEAR,USE2_AVOID,AFF_FEAR,USE2_AVOID,0.07977094358787512,0.06802259356628225,0.043471860087391546,0,0.1596131164323222,0.896,1000
g05,gamma_05,0.5,57,high,407,ctx_w57_high,net_g05_w57_high,net_g05_w57_high__USE2_AVOID__WORRY_HEALTH_SYSTEM,USE2_AVOID,WORRY_HEALTH_SYSTEM,USE2_AVOID,WORRY_HEALTH_SYSTEM,0.07760698303850284,0.07261123943810249,0.04805651600522174,0,0.17323019266546164,0.884,1000
g05,gamma_05,0.5,57,high,407,ctx_w57_high,net_g05_w57_high,net_g05_w57_high__USE2_AVOID__USE2_HANDWASH20,USE2_AVOID,USE2_HANDWASH20,USE2_AVOID,USE2_HANDWASH20,0.07604008486276963,0.07252947588631449,0.05091966667780774,0,0.1804306461715515,0.864,1000
g05,gamma_05,0.5,57,high,407,ctx_w57_high,net_g05_w57_high,net_g05_w57_high__USE2_MASK__USE2_SPACE150,USE2_MASK,USE2_SPACE150,USE2_MASK,USE2_SPACE150,0.06458220888987162,0.06491867400776083,0.05415671520024122,0,0.18409746978367086,0.78,1000
g05,gamma_05,0.5,57,high,407,ctx_w57_high,net_g05_w57_high,net_g05_w57_high__USE2_AVOID__USE2_MASK,USE2_AVOID,USE2_MASK,USE2_AVOID,USE2_MASK,0.061107565834063675,0.060843338912692904,0.05015827778705552,0,0.16667840490902225,0.792,1000
g05,gamma_05,0.5,57,high,407,ctx_w57_high,net_g05_w57_high,net_g05_w57_high__AFF_WORRY__USE2_SPACE150,AFF_WORRY,USE2_SPACE150,AFF_WORRY,USE2_SPACE150,0.0424758401645531,0.04267775066794938,0.03935176640257158,0,0.13220907348506453,0.726,1000
g05,gamma_05,0.5,57,high,407,ctx_w57_high,net_g05_w57_high,net_g05_w57_high__SEVERITY__USE2_HANDWASH20,SEVERITY,USE2_HANDWASH20,SEVERITY,USE2_HANDWASH20,0.04081602538155085,0.03623590866326831,0.036597409687474484,0,0.11892864788391598,0.642,1000
g05,gamma_05,0.5,57,high,407,ctx_w57_high,net_g05_w57_high,net_g05_w57_high__AFF_FEAR__WORRY_HEALTH_SYSTEM,AFF_FEAR,WORRY_HEALTH_SYSTEM,AFF_FEAR,WORRY_HEALTH_SYSTEM,0.03496788671041711,0.043289062012882545,0.04044923081577969,0,0.14097291831990097,0.748,1000
g05,gamma_05,0.5,57,high,407,ctx_w57_high,net_g05_w57_high,net_g05_w57_high__AFF_FEAR__USE2_HANDWASH20,AFF_FEAR,USE2_HANDWASH20,AFF_FEAR,USE2_HANDWASH20,0,0.0063061643485456,0.01625783212887576,0,0.05443607807457812,0.219,1000
g05,gamma_05,0.5,57,high,407,ctx_w57_high,net_g05_w57_high,net_g05_w57_high__AFF_FEAR__USE2_MASK,AFF_FEAR,USE2_MASK,AFF_FEAR,USE2_MASK,0,0.006462387786969039,0.015751975390044585,0,0.052503711059103626,0.224,1000
g05,gamma_05,0.5,57,high,407,ctx_w57_high,net_g05_w57_high,net_g05_w57_high__AFF_FEAR__USE2_SPACE150,AFF_FEAR,USE2_SPACE150,AFF_FEAR,USE2_SPACE150,0,-0.010817261877479802,0.028356106481153213,-0.10193502622907674,0,0.17,1000
g05,gamma_05,0.5,57,high,407,ctx_w57_high,net_g05_w57_high,net_g05_w57_high__AFF_WORRY__USE2_AVOID,AFF_WORRY,USE2_AVOID,AFF_WORRY,USE2_AVOID,0,0.0067162721132142346,0.01628914647180058,0,0.05974653078210894,0.232,1000
g05,gamma_05,0.5,57,high,407,ctx_w57_high,net_g05_w57_high,net_g05_w57_high__AFF_WORRY__USE2_HANDWASH20,AFF_WORRY,USE2_HANDWASH20,AFF_WORRY,USE2_HANDWASH20,0,0.0015649591950152207,0.009727333886181494,0,0.03225991152065559,0.092,1000
g05,gamma_05,0.5,57,high,407,ctx_w57_high,net_g05_w57_high,net_g05_w57_high__AFF_WORRY__USE2_MASK,AFF_WORRY,USE2_MASK,AFF_WORRY,USE2_MASK,0,0.004477001425226027,0.013884250071291692,0,0.05000340991480253,0.176,1000
g05,gamma_05,0.5,57,high,407,ctx_w57_high,net_g05_w57_high,net_g05_w57_high__SEVERITY__USE2_AVOID,SEVERITY,USE2_AVOID,SEVERITY,USE2_AVOID,0,0.0157642726939967,0.0274103764717978,0,0.09283938005191901,0.35,1000
g05,gamma_05,0.5,57,high,407,ctx_w57_high,net_g05_w57_high,net_g05_w57_high__SEVERITY__USE2_MASK,SEVERITY,USE2_MASK,SEVERITY,USE2_MASK,0,0.0018778306133838752,0.015220735982387533,-0.029239549261503475,0.04424185406767394,0.138,1000
g05,gamma_05,0.5,57,high,407,ctx_w57_high,net_g05_w57_high,net_g05_w57_high__SEVERITY__USE2_SPACE150,SEVERITY,USE2_SPACE150,SEVERITY,USE2_SPACE150,0,-2.1227537135789395e-4,0.01481058346808543,-0.04289540886228469,0.03695886796154809,0.127,1000
g05,gamma_05,0.5,57,high,407,ctx_w57_high,net_g05_w57_high,net_g05_w57_high__SEVERITY__WORRY_HEALTH_SYSTEM,SEVERITY,WORRY_HEALTH_SYSTEM,SEVERITY,WORRY_HEALTH_SYSTEM,0,0.0039708281752418705,0.018404105900490707,-6.029697000121162e-4,0.058483105180718656,0.182,1000
g05,gamma_05,0.5,57,high,407,ctx_w57_high,net_g05_w57_high,net_g05_w57_high__USE2_SPACE150__WORRY_HEALTH_SYSTEM,USE2_SPACE150,WORRY_HEALTH_SYSTEM,USE2_SPACE150,WORRY_HEALTH_SYSTEM,0,0.008982245247931508,0.02183233550909652,0,0.06977395867633705,0.272,1000
g05,gamma_05,0.5,57,low,336,ctx_w57_low,net_g05_w57_low,net_g05_w57_low__AFF_FEAR__AFF_WORRY,AFF_FEAR,AFF_WORRY,AFF_FEAR,AFF_WORRY,0.6695423066809171,0.6458775545022019,0.038530063785850416,0.5685630308646635,0.7158714287850064,1,1000
g05,gamma_05,0.5,57,low,336,ctx_w57_low,net_g05_w57_low,net_g05_w57_low__USE2_AVOID__USE2_SPACE150,USE2_AVOID,USE2_SPACE150,USE2_AVOID,USE2_SPACE150,0.335093813640658,0.32368284974572487,0.050250042338285686,0.22570115753187228,0.4184498272787463,1,1000
g05,gamma_05,0.5,57,low,336,ctx_w57_low,net_g05_w57_low,net_g05_w57_low__USE2_MASK__USE2_SPACE150,USE2_MASK,USE2_SPACE150,USE2_MASK,USE2_SPACE150,0.2950257318286385,0.2800832233776214,0.052580764498063495,0.180637648030143,0.3831246156099509,1,1000
g05,gamma_05,0.5,57,low,336,ctx_w57_low,net_g05_w57_low,net_g05_w57_low__USE2_HANDWASH20__USE2_SPACE150,USE2_HANDWASH20,USE2_SPACE150,USE2_HANDWASH20,USE2_SPACE150,0.2825802873015051,0.27420394463191944,0.05558522124228371,0.16531202766185593,0.37921365979190363,1,1000
g05,gamma_05,0.5,57,low,336,ctx_w57_low,net_g05_w57_low,net_g05_w57_low__USE2_HANDWASH20__USE2_MASK,USE2_HANDWASH20,USE2_MASK,USE2_HANDWASH20,USE2_MASK,0.229682256068817,0.22397967433918087,0.05782539027772588,0.11124852408967038,0.3330249790054606,1,1000
g05,gamma_05,0.5,57,low,336,ctx_w57_low,net_g05_w57_low,net_g05_w57_low__AFF_WORRY__SEVERITY,AFF_WORRY,SEVERITY,AFF_WORRY,SEVERITY,0.1815428600199411,0.17758741444434106,0.056639028691324755,0.05999677659676701,0.28481920279641765,0.998,1000
g05,gamma_05,0.5,57,low,336,ctx_w57_low,net_g05_w57_low,net_g05_w57_low__AFF_WORRY__WORRY_HEALTH_SYSTEM,AFF_WORRY,WORRY_HEALTH_SYSTEM,AFF_WORRY,WORRY_HEALTH_SYSTEM,0.1811611855217483,0.17493829676552825,0.05165966603115799,0.07160768810118165,0.276683539079413,1,1000
g05,gamma_05,0.5,57,low,336,ctx_w57_low,net_g05_w57_low,net_g05_w57_low__USE2_AVOID__USE2_HANDWASH20,USE2_AVOID,USE2_HANDWASH20,USE2_AVOID,USE2_HANDWASH20,0.17888987497719974,0.16919452829302756,0.051144544488552664,0.07387739945199558,0.26915144450272666,0.999,1000
g05,gamma_05,0.5,57,low,336,ctx_w57_low,net_g05_w57_low,net_g05_w57_low__USE2_MASK__WORRY_HEALTH_SYSTEM,USE2_MASK,WORRY_HEALTH_SYSTEM,USE2_MASK,WORRY_HEALTH_SYSTEM,0.17056037813681685,0.15787200362127726,0.04953229363154068,0.059319209440598555,0.2515243372239879,0.997,1000
g05,gamma_05,0.5,57,low,336,ctx_w57_low,net_g05_w57_low,net_g05_w57_low__USE2_AVOID__WORRY_HEALTH_SYSTEM,USE2_AVOID,WORRY_HEALTH_SYSTEM,USE2_AVOID,WORRY_HEALTH_SYSTEM,0.14932788326222646,0.13226523763355555,0.05024846234361564,0.032671781947473846,0.22760191734758708,0.996,1000
g05,gamma_05,0.5,57,low,336,ctx_w57_low,net_g05_w57_low,net_g05_w57_low__SEVERITY__WORRY_HEALTH_SYSTEM,SEVERITY,WORRY_HEALTH_SYSTEM,SEVERITY,WORRY_HEALTH_SYSTEM,0.14214543109141875,0.13612763219982393,0.04921716521438835,0.03774995117681864,0.2289138266964998,0.994,1000
g05,gamma_05,0.5,57,low,336,ctx_w57_low,net_g05_w57_low,net_g05_w57_low__SEVERITY__USE2_AVOID,SEVERITY,USE2_AVOID,SEVERITY,USE2_AVOID,0.09505651296386458,0.08794344625710201,0.048626335800879536,0,0.18139778195618853,0.944,1000
g05,gamma_05,0.5,57,low,336,ctx_w57_low,net_g05_w57_low,net_g05_w57_low__AFF_FEAR__SEVERITY,AFF_FEAR,SEVERITY,AFF_FEAR,SEVERITY,0.08362668418796808,0.08528811802419353,0.05477387116801144,0,0.19824662401494092,0.911,1000
g05,gamma_05,0.5,57,low,336,ctx_w57_low,net_g05_w57_low,net_g05_w57_low__AFF_WORRY__USE2_MASK,AFF_WORRY,USE2_MASK,AFF_WORRY,USE2_MASK,0.0831061374360172,0.06602058406346976,0.037250784641407506,0,0.14003309521218751,0.961,1000
g05,gamma_05,0.5,57,low,336,ctx_w57_low,net_g05_w57_low,net_g05_w57_low__SEVERITY__USE2_SPACE150,SEVERITY,USE2_SPACE150,SEVERITY,USE2_SPACE150,0.05183760031258313,0.04311257001373914,0.038459569915219476,0,0.12822403768210242,0.763,1000
g05,gamma_05,0.5,57,low,336,ctx_w57_low,net_g05_w57_low,net_g05_w57_low__AFF_FEAR__WORRY_HEALTH_SYSTEM,AFF_FEAR,WORRY_HEALTH_SYSTEM,AFF_FEAR,WORRY_HEALTH_SYSTEM,0.03656879879693678,0.04229969853799224,0.040028547423786934,0,0.13835604921458114,0.763,1000
g05,gamma_05,0.5,57,low,336,ctx_w57_low,net_g05_w57_low,net_g05_w57_low__USE2_AVOID__USE2_MASK,USE2_AVOID,USE2_MASK,USE2_AVOID,USE2_MASK,0.027473595089256706,0.04084606304084347,0.04001090407623714,0,0.13586496235535478,0.75,1000
g05,gamma_05,0.5,57,low,336,ctx_w57_low,net_g05_w57_low,net_g05_w57_low__AFF_FEAR__USE2_AVOID,AFF_FEAR,USE2_AVOID,AFF_FEAR,USE2_AVOID,0.01761082441297138,0.01631922960845135,0.025136873822180578,0,0.07958935783664545,0.488,1000
g05,gamma_05,0.5,57,low,336,ctx_w57_low,net_g05_w57_low,net_g05_w57_low__AFF_FEAR__USE2_MASK,AFF_FEAR,USE2_MASK,AFF_FEAR,USE2_MASK,-0.0173779072867365,-0.002394657990540036,0.018642444779813527,-0.06426895607345522,0.02262222751925447,0.155,1000
g05,gamma_05,0.5,57,low,336,ctx_w57_low,net_g05_w57_low,net_g05_w57_low__AFF_WORRY__USE2_HANDWASH20,AFF_WORRY,USE2_HANDWASH20,AFF_WORRY,USE2_HANDWASH20,0.01622139000961293,0.015187692492972207,0.0248569931832587,0,0.08084558791606594,0.474,1000
g05,gamma_05,0.5,57,low,336,ctx_w57_low,net_g05_w57_low,net_g05_w57_low__AFF_WORRY__USE2_AVOID,AFF_WORRY,USE2_AVOID,AFF_WORRY,USE2_AVOID,0.011012312293444688,0.019793327029335277,0.02885590030313476,0,0.08862265368653562,0.545,1000
g05,gamma_05,0.5,57,low,336,ctx_w57_low,net_g05_w57_low,net_g05_w57_low__USE2_HANDWASH20__WORRY_HEALTH_SYSTEM,USE2_HANDWASH20,WORRY_HEALTH_SYSTEM,USE2_HANDWASH20,WORRY_HEALTH_SYSTEM,0.009586647413466098,0.01977550158140838,0.03307671532872634,0,0.10372554530300455,0.507,1000
g05,gamma_05,0.5,57,low,336,ctx_w57_low,net_g05_w57_low,net_g05_w57_low__AFF_FEAR__USE2_HANDWASH20,AFF_FEAR,USE2_HANDWASH20,AFF_FEAR,USE2_HANDWASH20,0,0.004008434406712168,0.017701211872035626,-0.029854419863990837,0.050224954617997204,0.253,1000
g05,gamma_05,0.5,57,low,336,ctx_w57_low,net_g05_w57_low,net_g05_w57_low__AFF_FEAR__USE2_SPACE150,AFF_FEAR,USE2_SPACE150,AFF_FEAR,USE2_SPACE150,0,-0.002279603830821533,0.015396195821462195,-0.047503417943587464,0.020530049054123096,0.145,1000
g05,gamma_05,0.5,57,low,336,ctx_w57_low,net_g05_w57_low,net_g05_w57_low__AFF_WORRY__USE2_SPACE150,AFF_WORRY,USE2_SPACE150,AFF_WORRY,USE2_SPACE150,0,0.01075113726796216,0.019431306580071677,0,0.06611880649967936,0.378,1000
g05,gamma_05,0.5,57,low,336,ctx_w57_low,net_g05_w57_low,net_g05_w57_low__SEVERITY__USE2_HANDWASH20,SEVERITY,USE2_HANDWASH20,SEVERITY,USE2_HANDWASH20,0,0.006806948996443089,0.026172686415238275,-0.050091509617662185,0.07343830136673661,0.323,1000
g05,gamma_05,0.5,57,low,336,ctx_w57_low,net_g05_w57_low,net_g05_w57_low__SEVERITY__USE2_MASK,SEVERITY,USE2_MASK,SEVERITY,USE2_MASK,0,0.004667187995562293,0.027465484037769678,-0.06773243172184593,0.0710391988621509,0.296,1000
g05,gamma_05,0.5,57,low,336,ctx_w57_low,net_g05_w57_low,net_g05_w57_low__USE2_SPACE150__WORRY_HEALTH_SYSTEM,USE2_SPACE150,WORRY_HEALTH_SYSTEM,USE2_SPACE150,WORRY_HEALTH_SYSTEM,0,0.014424752336641188,0.026237697605439748,0,0.08501053676943324,0.406,1000
g075,gamma_075,0.75,55,high,309,ctx_w55_high,net_g075_w55_high,net_g075_w55_high__AFF_FEAR__AFF_WORRY,AFF_FEAR,AFF_WORRY,AFF_FEAR,AFF_WORRY,0.5515293808760402,0.5607606835397043,0.05008600522948657,0.459445184992724,0.6503464541701066,1,1000
g075,gamma_075,0.75,55,high,309,ctx_w55_high,net_g075_w55_high,net_g075_w55_high__USE2_AVOID__USE2_SPACE150,USE2_AVOID,USE2_SPACE150,USE2_AVOID,USE2_SPACE150,0.23036083646316066,0.23112139634831402,0.05472618679207556,0.1208541452443645,0.3382106346552153,1,1000
g075,gamma_075,0.75,55,high,309,ctx_w55_high,net_g075_w55_high,net_g075_w55_high__USE2_HANDWASH20__USE2_SPACE150,USE2_HANDWASH20,USE2_SPACE150,USE2_HANDWASH20,USE2_SPACE150,0.19618199672591338,0.1923408995283407,0.0638642477593058,0.06790351439612288,0.32299556907835114,1,1000
g075,gamma_075,0.75,55,high,309,ctx_w55_high,net_g075_w55_high,net_g075_w55_high__USE2_MASK__USE2_SPACE150,USE2_MASK,USE2_SPACE150,USE2_MASK,USE2_SPACE150,0.1902680309577649,0.19347756783174003,0.06655477677245199,0.05849062480569146,0.32516433203461786,0.995,1000
g075,gamma_075,0.75,55,high,309,ctx_w55_high,net_g075_w55_high,net_g075_w55_high__AFF_FEAR__SEVERITY,AFF_FEAR,SEVERITY,AFF_FEAR,SEVERITY,0.18891257596932298,0.19338993501013793,0.0515558976208008,0.09344397097304064,0.2864738430261607,1,1000
g075,gamma_075,0.75,55,high,309,ctx_w55_high,net_g075_w55_high,net_g075_w55_high__AFF_FEAR__WORRY_HEALTH_SYSTEM,AFF_FEAR,WORRY_HEALTH_SYSTEM,AFF_FEAR,WORRY_HEALTH_SYSTEM,0.1725535389218992,0.16896005004784354,0.05913353201864076,0.05278822694885805,0.28440022554803734,0.999,1000
g075,gamma_075,0.75,55,high,309,ctx_w55_high,net_g075_w55_high,net_g075_w55_high__USE2_HANDWASH20__USE2_MASK,USE2_HANDWASH20,USE2_MASK,USE2_HANDWASH20,USE2_MASK,0.165560132496843,0.16918962036049243,0.05627799746705126,0.060136224394048234,0.2758083037387522,0.997,1000
g075,gamma_075,0.75,55,high,309,ctx_w55_high,net_g075_w55_high,net_g075_w55_high__USE2_AVOID__USE2_HANDWASH20,USE2_AVOID,USE2_HANDWASH20,USE2_AVOID,USE2_HANDWASH20,0.13875183343859984,0.1347456152914753,0.05162234337549032,0.0311399679520822,0.23641002692925744,0.987,1000
g075,gamma_075,0.75,55,high,309,ctx_w55_high,net_g075_w55_high,net_g075_w55_high__SEVERITY__USE2_AVOID,SEVERITY,USE2_AVOID,SEVERITY,USE2_AVOID,0.12878097071743183,0.13292896401959226,0.049419315000004564,0.02977651721873509,0.22443832138574638,0.991,1000
g075,gamma_075,0.75,55,high,309,ctx_w55_high,net_g075_w55_high,net_g075_w55_high__SEVERITY__USE2_SPACE150,SEVERITY,USE2_SPACE150,SEVERITY,USE2_SPACE150,0.10312587081840074,0.11754315723821601,0.05599880912847617,0,0.22474687392726186,0.966,1000
g075,gamma_075,0.75,55,high,309,ctx_w55_high,net_g075_w55_high,net_g075_w55_high__SEVERITY__WORRY_HEALTH_SYSTEM,SEVERITY,WORRY_HEALTH_SYSTEM,SEVERITY,WORRY_HEALTH_SYSTEM,0.08820747604566592,0.0902874862070187,0.05032964840029475,0,0.192539806250005,0.941,1000
g075,gamma_075,0.75,55,high,309,ctx_w55_high,net_g075_w55_high,net_g075_w55_high__AFF_FEAR__USE2_AVOID,AFF_FEAR,USE2_AVOID,AFF_FEAR,USE2_AVOID,0.0711979993106094,0.0638247174260621,0.04443192532951652,0,0.15410074799887066,0.873,1000
g075,gamma_075,0.75,55,high,309,ctx_w55_high,net_g075_w55_high,net_g075_w55_high__AFF_WORRY__WORRY_HEALTH_SYSTEM,AFF_WORRY,WORRY_HEALTH_SYSTEM,AFF_WORRY,WORRY_HEALTH_SYSTEM,0.06735649094168877,0.07068623397265625,0.054088699912451854,0,0.18105908648541105,0.84,1000
g075,gamma_075,0.75,55,high,309,ctx_w55_high,net_g075_w55_high,net_g075_w55_high__AFF_WORRY__SEVERITY,AFF_WORRY,SEVERITY,AFF_WORRY,SEVERITY,0.06675690200658144,0.06430829971358408,0.04906781237090556,0,0.16499617876754544,0.843,1000
g075,gamma_075,0.75,55,high,309,ctx_w55_high,net_g075_w55_high,net_g075_w55_high__USE2_MASK__WORRY_HEALTH_SYSTEM,USE2_MASK,WORRY_HEALTH_SYSTEM,USE2_MASK,WORRY_HEALTH_SYSTEM,0.053866537909614806,0.06394345783421344,0.05071570588522421,0,0.1705830082253147,0.778,1000
g075,gamma_075,0.75,55,high,309,ctx_w55_high,net_g075_w55_high,net_g075_w55_high__USE2_AVOID__USE2_MASK,USE2_AVOID,USE2_MASK,USE2_AVOID,USE2_MASK,0.03308568829570621,0.04650080546508764,0.04496669023430596,0,0.14731318482949507,0.707,1000
g075,gamma_075,0.75,55,high,309,ctx_w55_high,net_g075_w55_high,net_g075_w55_high__AFF_WORRY__USE2_AVOID,AFF_WORRY,USE2_AVOID,AFF_WORRY,USE2_AVOID,0.031862348312055325,0.041304766429030484,0.043060445147001906,0,0.1371990658622132,0.687,1000
g075,gamma_075,0.75,55,high,309,ctx_w55_high,net_g075_w55_high,net_g075_w55_high__USE2_AVOID__WORRY_HEALTH_SYSTEM,USE2_AVOID,WORRY_HEALTH_SYSTEM,USE2_AVOID,WORRY_HEALTH_SYSTEM,0.030996098513727748,0.038196758779564625,0.04125049789014536,0,0.13611576962707003,0.657,1000
g075,gamma_075,0.75,55,high,309,ctx_w55_high,net_g075_w55_high,net_g075_w55_high__AFF_WORRY__USE2_HANDWASH20,AFF_WORRY,USE2_HANDWASH20,AFF_WORRY,USE2_HANDWASH20,0.024570535966926942,0.02806857559791035,0.03377720884414755,0,0.11080990919308423,0.568,1000
g075,gamma_075,0.75,55,high,309,ctx_w55_high,net_g075_w55_high,net_g075_w55_high__USE2_HANDWASH20__WORRY_HEALTH_SYSTEM,USE2_HANDWASH20,WORRY_HEALTH_SYSTEM,USE2_HANDWASH20,WORRY_HEALTH_SYSTEM,0.024551824357537444,0.030391283563795047,0.039029837942955246,0,0.117806543233708,0.579,1000
g075,gamma_075,0.75,55,high,309,ctx_w55_high,net_g075_w55_high,net_g075_w55_high__USE2_SPACE150__WORRY_HEALTH_SYSTEM,USE2_SPACE150,WORRY_HEALTH_SYSTEM,USE2_SPACE150,WORRY_HEALTH_SYSTEM,0.0237027217455138,0.03420988211154367,0.04179710288232055,0,0.1365443150634147,0.595,1000
g075,gamma_075,0.75,55,high,309,ctx_w55_high,net_g075_w55_high,net_g075_w55_high__SEVERITY__USE2_HANDWASH20,SEVERITY,USE2_HANDWASH20,SEVERITY,USE2_HANDWASH20,0.01883823092558631,0.03847102653544643,0.039166729766299556,0,0.1311278149095975,0.674,1000
g075,gamma_075,0.75,55,high,309,ctx_w55_high,net_g075_w55_high,net_g075_w55_high__AFF_FEAR__USE2_HANDWASH20,AFF_FEAR,USE2_HANDWASH20,AFF_FEAR,USE2_HANDWASH20,0.016200166002796276,0.022033859540049997,0.028966647838666267,0,0.09278805882266583,0.512,1000
g075,gamma_075,0.75,55,high,309,ctx_w55_high,net_g075_w55_high,net_g075_w55_high__AFF_FEAR__USE2_MASK,AFF_FEAR,USE2_MASK,AFF_FEAR,USE2_MASK,0,0.025998004343030828,0.03802412364769238,0,0.12742645211508555,0.457,1000
g075,gamma_075,0.75,55,high,309,ctx_w55_high,net_g075_w55_high,net_g075_w55_high__AFF_FEAR__USE2_SPACE150,AFF_FEAR,USE2_SPACE150,AFF_FEAR,USE2_SPACE150,0,-0.0074565046678808046,0.027992801334605466,-0.09995455335892006,0.011270608684412922,0.144,1000
g075,gamma_075,0.75,55,high,309,ctx_w55_high,net_g075_w55_high,net_g075_w55_high__AFF_WORRY__USE2_MASK,AFF_WORRY,USE2_MASK,AFF_WORRY,USE2_MASK,0,-0.004833812886550042,0.021929055303479193,-0.08155021641611579,0.002723408324936621,0.104,1000
g075,gamma_075,0.75,55,high,309,ctx_w55_high,net_g075_w55_high,net_g075_w55_high__AFF_WORRY__USE2_SPACE150,AFF_WORRY,USE2_SPACE150,AFF_WORRY,USE2_SPACE150,0,0.00544629936242794,0.019987132801307768,0,0.05727274342380372,0.2,1000
g075,gamma_075,0.75,55,high,309,ctx_w55_high,net_g075_w55_high,net_g075_w55_high__SEVERITY__USE2_MASK,SEVERITY,USE2_MASK,SEVERITY,USE2_MASK,0,-0.051258634452539635,0.06502683354343043,-0.19641125316593952,0,0.471,1000
g075,gamma_075,0.75,55,low,376,ctx_w55_low,net_g075_w55_low,net_g075_w55_low__AFF_FEAR__AFF_WORRY,AFF_FEAR,AFF_WORRY,AFF_FEAR,AFF_WORRY,0.5527480127279474,0.5490110333107993,0.0452838953487748,0.4559371531069401,0.6349895533509997,1,1000
g075,gamma_075,0.75,55,low,376,ctx_w55_low,net_g075_w55_low,net_g075_w55_low__USE2_MASK__USE2_SPACE150,USE2_MASK,USE2_SPACE150,USE2_MASK,USE2_SPACE150,0.327032216961362,0.3218694345813288,0.04913718304812003,0.2258648590052096,0.415572096037232,1,1000
g075,gamma_075,0.75,55,low,376,ctx_w55_low,net_g075_w55_low,net_g075_w55_low__USE2_AVOID__USE2_SPACE150,USE2_AVOID,USE2_SPACE150,USE2_AVOID,USE2_SPACE150,0.277096243350879,0.27449437102273627,0.05099231142746228,0.17139678792465832,0.3657601377701651,1,1000
g075,gamma_075,0.75,55,low,376,ctx_w55_low,net_g075_w55_low,net_g075_w55_low__AFF_FEAR__SEVERITY,AFF_FEAR,SEVERITY,AFF_FEAR,SEVERITY,0.267758140236528,0.26126650335982354,0.052294006468543736,0.1587146219034277,0.3618271735366108,1,1000
g075,gamma_075,0.75,55,low,376,ctx_w55_low,net_g075_w55_low,net_g075_w55_low__USE2_HANDWASH20__USE2_SPACE150,USE2_HANDWASH20,USE2_SPACE150,USE2_HANDWASH20,USE2_SPACE150,0.230419916269903,0.22489793579362347,0.052499183622467555,0.12551234535781766,0.32732754856834934,1,1000
g075,gamma_075,0.75,55,low,376,ctx_w55_low,net_g075_w55_low,net_g075_w55_low__SEVERITY__WORRY_HEALTH_SYSTEM,SEVERITY,WORRY_HEALTH_SYSTEM,SEVERITY,WORRY_HEALTH_SYSTEM,0.18673946897873334,0.17964701146109963,0.05551954951683754,0.0694328822996658,0.2913078671306151,0.999,1000
g075,gamma_075,0.75,55,low,376,ctx_w55_low,net_g075_w55_low,net_g075_w55_low__USE2_AVOID__USE2_MASK,USE2_AVOID,USE2_MASK,USE2_AVOID,USE2_MASK,0.15832102143895202,0.15430104328534094,0.04382154663957235,0.06731895225383508,0.237281385144261,1,1000
g075,gamma_075,0.75,55,low,376,ctx_w55_low,net_g075_w55_low,net_g075_w55_low__USE2_HANDWASH20__USE2_MASK,USE2_HANDWASH20,USE2_MASK,USE2_HANDWASH20,USE2_MASK,0.147115905845485,0.14754186309140097,0.051565319970134735,0.04956843904849094,0.2526448817742371,1,1000
g075,gamma_075,0.75,55,low,376,ctx_w55_low,net_g075_w55_low,net_g075_w55_low__USE2_HANDWASH20__WORRY_HEALTH_SYSTEM,USE2_HANDWASH20,WORRY_HEALTH_SYSTEM,USE2_HANDWASH20,WORRY_HEALTH_SYSTEM,0.14212799711894894,0.13625638511077526,0.04352546476231259,0.046477206518363984,0.22427694663598183,1,1000
g075,gamma_075,0.75,55,low,376,ctx_w55_low,net_g075_w55_low,net_g075_w55_low__USE2_MASK__WORRY_HEALTH_SYSTEM,USE2_MASK,WORRY_HEALTH_SYSTEM,USE2_MASK,WORRY_HEALTH_SYSTEM,0.13870368177811543,0.12745951144050777,0.04858342572210094,0.032449530306586545,0.22194979988910757,0.994,1000
g075,gamma_075,0.75,55,low,376,ctx_w55_low,net_g075_w55_low,net_g075_w55_low__USE2_AVOID__USE2_HANDWASH20,USE2_AVOID,USE2_HANDWASH20,USE2_AVOID,USE2_HANDWASH20,0.12193853626860328,0.12380550777109658,0.04744056173952096,0.027445146535893476,0.210052782114997,0.996,1000
g075,gamma_075,0.75,55,low,376,ctx_w55_low,net_g075_w55_low,net_g075_w55_low__AFF_WORRY__WORRY_HEALTH_SYSTEM,AFF_WORRY,WORRY_HEALTH_SYSTEM,AFF_WORRY,WORRY_HEALTH_SYSTEM,0.1110523373220375,0.10577589578782655,0.051640090118663974,0,0.21277803404756016,0.966,1000
g075,gamma_075,0.75,55,low,376,ctx_w55_low,net_g075_w55_low,net_g075_w55_low__AFF_FEAR__USE2_AVOID,AFF_FEAR,USE2_AVOID,AFF_FEAR,USE2_AVOID,0.10736777239394048,0.10047351988195853,0.04672064230041621,0.002157763361323177,0.19075208907914457,0.976,1000
g075,gamma_075,0.75,55,low,376,ctx_w55_low,net_g075_w55_low,net_g075_w55_low__AFF_FEAR__WORRY_HEALTH_SYSTEM,AFF_FEAR,WORRY_HEALTH_SYSTEM,AFF_FEAR,WORRY_HEALTH_SYSTEM,0.09586571542963106,0.10194328039247474,0.04802438912690248,0.009434563865975226,0.1946271520756334,0.978,1000
g075,gamma_075,0.75,55,low,376,ctx_w55_low,net_g075_w55_low,net_g075_w55_low__AFF_WORRY__SEVERITY,AFF_WORRY,SEVERITY,AFF_WORRY,SEVERITY,0.08234381910476314,0.08442504289871247,0.05429554414729427,0,0.19372538295051317,0.914,1000
g075,gamma_075,0.75,55,low,376,ctx_w55_low,net_g075_w55_low,net_g075_w55_low__AFF_WORRY__USE2_SPACE150,AFF_WORRY,USE2_SPACE150,AFF_WORRY,USE2_SPACE150,0.07054136225720918,0.065407000086853,0.036540809154183104,0,0.1392366177515983,0.953,1000
g075,gamma_075,0.75,55,low,376,ctx_w55_low,net_g075_w55_low,net_g075_w55_low__AFF_WORRY__USE2_AVOID,AFF_WORRY,USE2_AVOID,AFF_WORRY,USE2_AVOID,0.06248611212904433,0.062463114079402964,0.04397465863097834,0,0.15603541149636194,0.879,1000
g075,gamma_075,0.75,55,low,376,ctx_w55_low,net_g075_w55_low,net_g075_w55_low__USE2_AVOID__WORRY_HEALTH_SYSTEM,USE2_AVOID,WORRY_HEALTH_SYSTEM,USE2_AVOID,WORRY_HEALTH_SYSTEM,0.031643810010474976,0.037958835892061234,0.038548224661768056,0,0.1245629297490788,0.701,1000
g075,gamma_075,0.75,55,low,376,ctx_w55_low,net_g075_w55_low,net_g075_w55_low__SEVERITY__USE2_MASK,SEVERITY,USE2_MASK,SEVERITY,USE2_MASK,0.017327009891750893,0.020411298661236518,0.03203057177516897,0,0.10513947463995965,0.506,1000
g075,gamma_075,0.75,55,low,376,ctx_w55_low,net_g075_w55_low,net_g075_w55_low__AFF_WORRY__USE2_MASK,AFF_WORRY,USE2_MASK,AFF_WORRY,USE2_MASK,0.015562823994126534,0.023042877270717292,0.029186670389284727,0,0.08839033538034913,0.595,1000
g075,gamma_075,0.75,55,low,376,ctx_w55_low,net_g075_w55_low,net_g075_w55_low__SEVERITY__USE2_AVOID,SEVERITY,USE2_AVOID,SEVERITY,USE2_AVOID,0.014995473922375263,0.02132066194432696,0.029468026613469048,0,0.0935148456606742,0.565,1000
g075,gamma_075,0.75,55,low,376,ctx_w55_low,net_g075_w55_low,net_g075_w55_low__SEVERITY__USE2_SPACE150,SEVERITY,USE2_SPACE150,SEVERITY,USE2_SPACE150,0.013681327594707233,0.017020027831234182,0.025829746484426284,0,0.08697546353970166,0.482,1000
g075,gamma_075,0.75,55,low,376,ctx_w55_low,net_g075_w55_low,net_g075_w55_low__SEVERITY__USE2_HANDWASH20,SEVERITY,USE2_HANDWASH20,SEVERITY,USE2_HANDWASH20,0.00463087068002591,0.01949407053688862,0.029605444879055844,0,0.09781075862147988,0.465,1000
g075,gamma_075,0.75,55,low,376,ctx_w55_low,net_g075_w55_low,net_g075_w55_low__AFF_FEAR__USE2_HANDWASH20,AFF_FEAR,USE2_HANDWASH20,AFF_FEAR,USE2_HANDWASH20,0,-0.013082345392389267,0.02940700890364112,-0.10087053347846296,0,0.231,1000
g075,gamma_075,0.75,55,low,376,ctx_w55_low,net_g075_w55_low,net_g075_w55_low__AFF_FEAR__USE2_MASK,AFF_FEAR,USE2_MASK,AFF_FEAR,USE2_MASK,0,0.0038465923133524206,0.0127731155554281,0,0.04592001590361506,0.204,1000
g075,gamma_075,0.75,55,low,376,ctx_w55_low,net_g075_w55_low,net_g075_w55_low__AFF_FEAR__USE2_SPACE150,AFF_FEAR,USE2_SPACE150,AFF_FEAR,USE2_SPACE150,0,0.0037989599399735692,0.016798000743654135,0,0.05460926346439904,0.197,1000
g075,gamma_075,0.75,55,low,376,ctx_w55_low,net_g075_w55_low,net_g075_w55_low__AFF_WORRY__USE2_HANDWASH20,AFF_WORRY,USE2_HANDWASH20,AFF_WORRY,USE2_HANDWASH20,0,0.00511511638973491,0.01992631698949384,-0.01571886904899887,0.060836709772940506,0.231,1000
g075,gamma_075,0.75,55,low,376,ctx_w55_low,net_g075_w55_low,net_g075_w55_low__USE2_SPACE150__WORRY_HEALTH_SYSTEM,USE2_SPACE150,WORRY_HEALTH_SYSTEM,USE2_SPACE150,WORRY_HEALTH_SYSTEM,0,0.008676266560683274,0.024935933833895408,-5.778549392874197e-4,0.0688494818776245,0.336,1000
g075,gamma_075,0.75,56,high,351,ctx_w56_high,net_g075_w56_high,net_g075_w56_high__AFF_FEAR__AFF_WORRY,AFF_FEAR,AFF_WORRY,AFF_FEAR,AFF_WORRY,0.5311444236929834,0.5222844288432085,0.048915838511170526,0.4248977995957087,0.6144976349224567,1,1000
g075,gamma_075,0.75,56,high,351,ctx_w56_high,net_g075_w56_high,net_g075_w56_high__USE2_AVOID__USE2_SPACE150,USE2_AVOID,USE2_SPACE150,USE2_AVOID,USE2_SPACE150,0.261466332588217,0.24919804044372285,0.04740863660244434,0.1531227789476253,0.33794058050893355,1,1000
g075,gamma_075,0.75,56,high,351,ctx_w56_high,net_g075_w56_high,net_g075_w56_high__USE2_MASK__USE2_SPACE150,USE2_MASK,USE2_SPACE150,USE2_MASK,USE2_SPACE150,0.2533734286086674,0.2515641608762153,0.06391991764984441,0.13088877356213047,0.3778741499001563,1,1000
g075,gamma_075,0.75,56,high,351,ctx_w56_high,net_g075_w56_high,net_g075_w56_high__AFF_FEAR__SEVERITY,AFF_FEAR,SEVERITY,AFF_FEAR,SEVERITY,0.18447292932442755,0.1741519826975634,0.050256047178721903,0.07470616042114836,0.2738688553490905,1,1000
g075,gamma_075,0.75,56,high,351,ctx_w56_high,net_g075_w56_high,net_g075_w56_high__USE2_HANDWASH20__USE2_MASK,USE2_HANDWASH20,USE2_MASK,USE2_HANDWASH20,USE2_MASK,0.17954494510549457,0.1761247833070251,0.049044657381291684,0.08871482676383452,0.27327878386405574,1,1000
g075,gamma_075,0.75,56,high,351,ctx_w56_high,net_g075_w56_high,net_g075_w56_high__USE2_HANDWASH20__USE2_SPACE150,USE2_HANDWASH20,USE2_SPACE150,USE2_HANDWASH20,USE2_SPACE150,0.16746433660043636,0.16537800386117044,0.04820577972292069,0.07492643501705605,0.25656855096058473,0.999,1000
g075,gamma_075,0.75,56,high,351,ctx_w56_high,net_g075_w56_high,net_g075_w56_high__USE2_AVOID__USE2_HANDWASH20,USE2_AVOID,USE2_HANDWASH20,USE2_AVOID,USE2_HANDWASH20,0.1614160941065311,0.15712445779676046,0.04428931223973514,0.06734686196353845,0.2424256149101376,1,1000
g075,gamma_075,0.75,56,high,351,ctx_w56_high,net_g075_w56_high,net_g075_w56_high__AFF_FEAR__WORRY_HEALTH_SYSTEM,AFF_FEAR,WORRY_HEALTH_SYSTEM,AFF_FEAR,WORRY_HEALTH_SYSTEM,0.12921511314181774,0.11869651597353983,0.04815174591060095,0.026831733158165068,0.21440332312921515,0.99,1000
g075,gamma_075,0.75,56,high,351,ctx_w56_high,net_g075_w56_high,net_g075_w56_high__SEVERITY__USE2_AVOID,SEVERITY,USE2_AVOID,SEVERITY,USE2_AVOID,0.1270750339510436,0.12772709061378215,0.04687821067143387,0.037248840057345356,0.21900625556967201,1,1000
g075,gamma_075,0.75,56,high,351,ctx_w56_high,net_g075_w56_high,net_g075_w56_high__SEVERITY__USE2_HANDWASH20,SEVERITY,USE2_HANDWASH20,SEVERITY,USE2_HANDWASH20,0.10326597434691034,0.10307529161880946,0.04719804847823941,0,0.19633936596512266,0.971,1000
g075,gamma_075,0.75,56,high,351,ctx_w56_high,net_g075_w56_high,net_g075_w56_high__USE2_AVOID__WORRY_HEALTH_SYSTEM,USE2_AVOID,WORRY_HEALTH_SYSTEM,USE2_AVOID,WORRY_HEALTH_SYSTEM,0.09383266926754759,0.08709968725177489,0.04637816009054238,0,0.18249617078175143,0.948,1000
g075,gamma_075,0.75,56,high,351,ctx_w56_high,net_g075_w56_high,net_g075_w56_high__USE2_HANDWASH20__WORRY_HEALTH_SYSTEM,USE2_HANDWASH20,WORRY_HEALTH_SYSTEM,USE2_HANDWASH20,WORRY_HEALTH_SYSTEM,0.07665823322751054,0.07389059983579656,0.04923145659882601,0,0.17517148267522525,0.888,1000
g075,gamma_075,0.75,56,high,351,ctx_w56_high,net_g075_w56_high,net_g075_w56_high__USE2_MASK__WORRY_HEALTH_SYSTEM,USE2_MASK,WORRY_HEALTH_SYSTEM,USE2_MASK,WORRY_HEALTH_SYSTEM,0.07410274364323768,0.0713857793513142,0.051828036558864116,0,0.18145348500167102,0.839,1000
g075,gamma_075,0.75,56,high,351,ctx_w56_high,net_g075_w56_high,net_g075_w56_high__AFF_WORRY__USE2_AVOID,AFF_WORRY,USE2_AVOID,AFF_WORRY,USE2_AVOID,0.06856159433914215,0.05816817296357554,0.040680325576201735,0,0.1418676825923101,0.874,1000
g075,gamma_075,0.75,56,high,351,ctx_w56_high,net_g075_w56_high,net_g075_w56_high__SEVERITY__USE2_SPACE150,SEVERITY,USE2_SPACE150,SEVERITY,USE2_SPACE150,0.06547783526443958,0.06431812694630253,0.04428989847807562,0,0.1606656588537178,0.902,1000
g075,gamma_075,0.75,56,high,351,ctx_w56_high,net_g075_w56_high,net_g075_w56_high__AFF_WORRY__WORRY_HEALTH_SYSTEM,AFF_WORRY,WORRY_HEALTH_SYSTEM,AFF_WORRY,WORRY_HEALTH_SYSTEM,0.05339893732043959,0.056571614750807714,0.04631973351464015,0,0.15593210257068515,0.817,1000
g075,gamma_075,0.75,56,high,351,ctx_w56_high,net_g075_w56_high,net_g075_w56_high__AFF_FEAR__USE2_AVOID,AFF_FEAR,USE2_AVOID,AFF_FEAR,USE2_AVOID,0.0470292017152531,0.0507922434093313,0.04142194014148053,0,0.13946599763631307,0.805,1000
g075,gamma_075,0.75,56,high,351,ctx_w56_high,net_g075_w56_high,net_g075_w56_high__USE2_SPACE150__WORRY_HEALTH_SYSTEM,USE2_SPACE150,WORRY_HEALTH_SYSTEM,USE2_SPACE150,WORRY_HEALTH_SYSTEM,0.03672454288717526,0.03907278797418661,0.043812165222703786,0,0.13871143440970773,0.641,1000
g075,gamma_075,0.75,56,high,351,ctx_w56_high,net_g075_w56_high,net_g075_w56_high__AFF_WORRY__SEVERITY,AFF_WORRY,SEVERITY,AFF_WORRY,SEVERITY,0.02232054637357074,0.03183339118885324,0.03947636485029382,0,0.1305319788960951,0.586,1000
g075,gamma_075,0.75,56,high,351,ctx_w56_high,net_g075_w56_high,net_g075_w56_high__AFF_FEAR__USE2_SPACE150,AFF_FEAR,USE2_SPACE150,AFF_FEAR,USE2_SPACE150,0.011277129314865878,0.01602763100514262,0.02631122686892265,0,0.08816481028274863,0.416,1000
g075,gamma_075,0.75,56,high,351,ctx_w56_high,net_g075_w56_high,net_g075_w56_high__USE2_AVOID__USE2_MASK,USE2_AVOID,USE2_MASK,USE2_AVOID,USE2_MASK,0.008019455233605326,0.023704159825646554,0.03192776904407801,0,0.10469632497752283,0.512,1000
g075,gamma_075,0.75,56,high,351,ctx_w56_high,net_g075_w56_high,net_g075_w56_high__AFF_FEAR__USE2_HANDWASH20,AFF_FEAR,USE2_HANDWASH20,AFF_FEAR,USE2_HANDWASH20,0,-0.002670351353310772,0.015917852931160596,-0.05539511866137723,0.007215000020138343,0.09,1000
g075,gamma_075,0.75,56,high,351,ctx_w56_high,net_g075_w56_high,net_g075_w56_high__AFF_FEAR__USE2_MASK,AFF_FEAR,USE2_MASK,AFF_FEAR,USE2_MASK,0,1.747870341848264e-4,0.01751593607573911,-0.050750769045704254,0.04221060339235906,0.14,1000
g075,gamma_075,0.75,56,high,351,ctx_w56_high,net_g075_w56_high,net_g075_w56_high__AFF_WORRY__USE2_HANDWASH20,AFF_WORRY,USE2_HANDWASH20,AFF_WORRY,USE2_HANDWASH20,0,0.006650312572679904,0.017440091138968036,0,0.06360661489038921,0.203,1000
g075,gamma_075,0.75,56,high,351,ctx_w56_high,net_g075_w56_high,net_g075_w56_high__AFF_WORRY__USE2_MASK,AFF_WORRY,USE2_MASK,AFF_WORRY,USE2_MASK,0,0.008536637335569006,0.02042089936308872,0,0.06944803653812466,0.237,1000
g075,gamma_075,0.75,56,high,351,ctx_w56_high,net_g075_w56_high,net_g075_w56_high__AFF_WORRY__USE2_SPACE150,AFF_WORRY,USE2_SPACE150,AFF_WORRY,USE2_SPACE150,0,0.011348933875788034,0.023024808612088814,0,0.07806470340072579,0.332,1000
g075,gamma_075,0.75,56,high,351,ctx_w56_high,net_g075_w56_high,net_g075_w56_high__SEVERITY__USE2_MASK,SEVERITY,USE2_MASK,SEVERITY,USE2_MASK,0,-0.019463963747505898,0.0399085316239328,-0.13191225136856008,0,0.24,1000
g075,gamma_075,0.75,56,high,351,ctx_w56_high,net_g075_w56_high,net_g075_w56_high__SEVERITY__WORRY_HEALTH_SYSTEM,SEVERITY,WORRY_HEALTH_SYSTEM,SEVERITY,WORRY_HEALTH_SYSTEM,0,0.011042509614261176,0.022531402323441675,0,0.07445695909969581,0.328,1000
g075,gamma_075,0.75,56,low,383,ctx_w56_low,net_g075_w56_low,net_g075_w56_low__AFF_FEAR__AFF_WORRY,AFF_FEAR,AFF_WORRY,AFF_FEAR,AFF_WORRY,0.5221423376802454,0.5098849367018018,0.039006714412155474,0.43452610331067687,0.5875437290704689,1,1000
g075,gamma_075,0.75,56,low,383,ctx_w56_low,net_g075_w56_low,net_g075_w56_low__USE2_MASK__USE2_SPACE150,USE2_MASK,USE2_SPACE150,USE2_MASK,USE2_SPACE150,0.35002775156231636,0.3406665977757618,0.04841824730029844,0.2445120762383741,0.43475520770725506,1,1000
g075,gamma_075,0.75,56,low,383,ctx_w56_low,net_g075_w56_low,net_g075_w56_low__USE2_AVOID__USE2_SPACE150,USE2_AVOID,USE2_SPACE150,USE2_AVOID,USE2_SPACE150,0.2674777242139272,0.2611101732130792,0.048624253128407166,0.1680294617284854,0.35520406539088084,1,1000
g075,gamma_075,0.75,56,low,383,ctx_w56_low,net_g075_w56_low,net_g075_w56_low__AFF_WORRY__SEVERITY,AFF_WORRY,SEVERITY,AFF_WORRY,SEVERITY,0.2505303401680201,0.2483126773395342,0.04889390626668221,0.15273176930480042,0.3419303276579597,1,1000
g075,gamma_075,0.75,56,low,383,ctx_w56_low,net_g075_w56_low,net_g075_w56_low__USE2_HANDWASH20__USE2_SPACE150,USE2_HANDWASH20,USE2_SPACE150,USE2_HANDWASH20,USE2_SPACE150,0.2402468056559029,0.2374442299056058,0.05214114689830222,0.143444488088846,0.3482650973958121,1,1000
g075,gamma_075,0.75,56,low,383,ctx_w56_low,net_g075_w56_low,net_g075_w56_low__AFF_FEAR__SEVERITY,AFF_FEAR,SEVERITY,AFF_FEAR,SEVERITY,0.2227164780470164,0.22116043330591423,0.052151373193275986,0.12187125609061465,0.31937449709119914,0.999,1000
g075,gamma_075,0.75,56,low,383,ctx_w56_low,net_g075_w56_low,net_g075_w56_low__USE2_AVOID__USE2_HANDWASH20,USE2_AVOID,USE2_HANDWASH20,USE2_AVOID,USE2_HANDWASH20,0.1932708761353184,0.18806055788907344,0.05288757661485548,0.08232162511484607,0.2962692977122049,1,1000
g075,gamma_075,0.75,56,low,383,ctx_w56_low,net_g075_w56_low,net_g075_w56_low__AFF_WORRY__WORRY_HEALTH_SYSTEM,AFF_WORRY,WORRY_HEALTH_SYSTEM,AFF_WORRY,WORRY_HEALTH_SYSTEM,0.16652982430881774,0.16173575024205267,0.04943924106246721,0.06447513619033568,0.25482363069012204,0.998,1000
g075,gamma_075,0.75,56,low,383,ctx_w56_low,net_g075_w56_low,net_g075_w56_low__SEVERITY__USE2_AVOID,SEVERITY,USE2_AVOID,SEVERITY,USE2_AVOID,0.14666766730118003,0.13185365160924314,0.044492715410301156,0.04240442875563704,0.21993375653223718,0.998,1000
g075,gamma_075,0.75,56,low,383,ctx_w56_low,net_g075_w56_low,net_g075_w56_low__USE2_HANDWASH20__USE2_MASK,USE2_HANDWASH20,USE2_MASK,USE2_HANDWASH20,USE2_MASK,0.14032709015433636,0.13664722129157503,0.05155105041600647,0.03903029210297966,0.2344524179409065,0.996,1000
g075,gamma_075,0.75,56,low,383,ctx_w56_low,net_g075_w56_low,net_g075_w56_low__AFF_WORRY__USE2_MASK,AFF_WORRY,USE2_MASK,AFF_WORRY,USE2_MASK,0.12229661705761409,0.11028521687331332,0.03742476305766405,0.03834879991134575,0.1852476369573989,0.998,1000
g075,gamma_075,0.75,56,low,383,ctx_w56_low,net_g075_w56_low,net_g075_w56_low__AFF_FEAR__WORRY_HEALTH_SYSTEM,AFF_FEAR,WORRY_HEALTH_SYSTEM,AFF_FEAR,WORRY_HEALTH_SYSTEM,0.10783467175996483,0.1058627522481296,0.046867385390834286,0.017820505499518663,0.19698623635558243,0.988,1000
g075,gamma_075,0.75,56,low,383,ctx_w56_low,net_g075_w56_low,net_g075_w56_low__USE2_AVOID__USE2_MASK,USE2_AVOID,USE2_MASK,USE2_AVOID,USE2_MASK,0.09214448580647945,0.08845823565893104,0.04622154042236505,0,0.18139329598469675,0.963,1000
g075,gamma_075,0.75,56,low,383,ctx_w56_low,net_g075_w56_low,net_g075_w56_low__SEVERITY__WORRY_HEALTH_SYSTEM,SEVERITY,WORRY_HEALTH_SYSTEM,SEVERITY,WORRY_HEALTH_SYSTEM,0.0695622643782032,0.0646365564962292,0.04270320430207997,0,0.15303697733692173,0.9,1000
g075,gamma_075,0.75,56,low,383,ctx_w56_low,net_g075_w56_low,net_g075_w56_low__AFF_WORRY__USE2_SPACE150,AFF_WORRY,USE2_SPACE150,AFF_WORRY,USE2_SPACE150,0.042206815451439374,0.037208076376349215,0.0324751724867745,0,0.10611172855490689,0.776,1000
g075,gamma_075,0.75,56,low,383,ctx_w56_low,net_g075_w56_low,net_g075_w56_low__USE2_SPACE150__WORRY_HEALTH_SYSTEM,USE2_SPACE150,WORRY_HEALTH_SYSTEM,USE2_SPACE150,WORRY_HEALTH_SYSTEM,0.02792378411596073,0.02496359033749562,0.030718079213232986,0,0.09670755771038382,0.571,1000
g075,gamma_075,0.75,56,low,383,ctx_w56_low,net_g075_w56_low,net_g075_w56_low__SEVERITY__USE2_SPACE150,SEVERITY,USE2_SPACE150,SEVERITY,USE2_SPACE150,0.02748403598379894,0.030392607776049,0.031211668192838934,0,0.10181040633360049,0.705,1000
g075,gamma_075,0.75,56,low,383,ctx_w56_low,net_g075_w56_low,net_g075_w56_low__AFF_FEAR__USE2_AVOID,AFF_FEAR,USE2_AVOID,AFF_FEAR,USE2_AVOID,0.02649133541278472,0.022514141710610926,0.027475814933451546,0,0.08783919009707983,0.605,1000
g075,gamma_075,0.75,56,low,383,ctx_w56_low,net_g075_w56_low,net_g075_w56_low__USE2_MASK__WORRY_HEALTH_SYSTEM,USE2_MASK,WORRY_HEALTH_SYSTEM,USE2_MASK,WORRY_HEALTH_SYSTEM,0.02245209411797425,0.029834121332697496,0.03781747213441309,0,0.123523876159589,0.59,1000
g075,gamma_075,0.75,56,low,383,ctx_w56_low,net_g075_w56_low,net_g075_w56_low__USE2_AVOID__WORRY_HEALTH_SYSTEM,USE2_AVOID,WORRY_HEALTH_SYSTEM,USE2_AVOID,WORRY_HEALTH_SYSTEM,0.006242807817112218,0.017113826702966323,0.027645002802619487,0,0.09243204456946234,0.443,1000
g075,gamma_075,0.75,56,low,383,ctx_w56_low,net_g075_w56_low,net_g075_w56_low__AFF_FEAR__USE2_MASK,AFF_FEAR,USE2_MASK,AFF_FEAR,USE2_MASK,0.004185355562171251,0.012104932159171859,0.01932728604174211,0,0.06580153129516145,0.432,1000
g075,gamma_075,0.75,56,low,383,ctx_w56_low,net_g075_w56_low,net_g075_w56_low__AFF_FEAR__USE2_HANDWASH20,AFF_FEAR,USE2_HANDWASH20,AFF_FEAR,USE2_HANDWASH20,0,-0.00480887256478,0.01804971558713697,-0.06242228166386951,0.01163461120556495,0.157,1000
g075,gamma_075,0.75,56,low,383,ctx_w56_low,net_g075_w56_low,net_g075_w56_low__AFF_FEAR__USE2_SPACE150,AFF_FEAR,USE2_SPACE150,AFF_FEAR,USE2_SPACE150,0,0.011701123986219739,0.020436297282365644,0,0.07004837415677317,0.389,1000
g075,gamma_075,0.75,56,low,383,ctx_w56_low,net_g075_w56_low,net_g075_w56_low__AFF_WORRY__USE2_AVOID,AFF_WORRY,USE2_AVOID,AFF_WORRY,USE2_AVOID,0,0.012596270078125176,0.02345209399173245,0,0.0798985529679257,0.4,1000
g075,gamma_075,0.75,56,low,383,ctx_w56_low,net_g075_w56_low,net_g075_w56_low__AFF_WORRY__USE2_HANDWASH20,AFF_WORRY,USE2_HANDWASH20,AFF_WORRY,USE2_HANDWASH20,0,-3.230649797454003e-4,0.013576351763493248,-0.04242804631431501,0.02826960260923305,0.154,1000
g075,gamma_075,0.75,56,low,383,ctx_w56_low,net_g075_w56_low,net_g075_w56_low__SEVERITY__USE2_HANDWASH20,SEVERITY,USE2_HANDWASH20,SEVERITY,USE2_HANDWASH20,0,0.002750158735185274,0.01768139356696878,-0.03602162850655183,0.0529205704689515,0.178,1000
g075,gamma_075,0.75,56,low,383,ctx_w56_low,net_g075_w56_low,net_g075_w56_low__SEVERITY__USE2_MASK,SEVERITY,USE2_MASK,SEVERITY,USE2_MASK,0,0.0012683601356976645,0.01811893756005629,-0.04371010607011011,0.04231788289780303,0.182,1000
g075,gamma_075,0.75,56,low,383,ctx_w56_low,net_g075_w56_low,net_g075_w56_low__USE2_HANDWASH20__WORRY_HEALTH_SYSTEM,USE2_HANDWASH20,WORRY_HEALTH_SYSTEM,USE2_HANDWASH20,WORRY_HEALTH_SYSTEM,0,1.303362798580359e-4,0.018921174089076728,-0.05319742387773024,0.04535505859906832,0.187,1000
g075,gamma_075,0.75,57,high,407,ctx_w57_high,net_g075_w57_high,net_g075_w57_high__AFF_FEAR__AFF_WORRY,AFF_FEAR,AFF_WORRY,AFF_FEAR,AFF_WORRY,0.4743366651653746,0.4576694997798875,0.05284061542016681,0.34760230368475137,0.5565678409428613,1,1000
g075,gamma_075,0.75,57,high,407,ctx_w57_high,net_g075_w57_high,net_g075_w57_high__AFF_WORRY__WORRY_HEALTH_SYSTEM,AFF_WORRY,WORRY_HEALTH_SYSTEM,AFF_WORRY,WORRY_HEALTH_SYSTEM,0.26013725281793015,0.24377169409386318,0.06181737328874559,0.13023341121395818,0.36236195071615607,1,1000
g075,gamma_075,0.75,57,high,407,ctx_w57_high,net_g075_w57_high,net_g075_w57_high__USE2_AVOID__USE2_SPACE150,USE2_AVOID,USE2_SPACE150,USE2_AVOID,USE2_SPACE150,0.2594723466620323,0.23924369467281062,0.05475784392472912,0.12864732352145927,0.3371926455466473,1,1000
g075,gamma_075,0.75,57,high,407,ctx_w57_high,net_g075_w57_high,net_g075_w57_high__AFF_FEAR__SEVERITY,AFF_FEAR,SEVERITY,AFF_FEAR,SEVERITY,0.2289468255391511,0.2159739313839454,0.04902639645052844,0.1275516182585918,0.31479516900326543,1,1000
g075,gamma_075,0.75,57,high,407,ctx_w57_high,net_g075_w57_high,net_g075_w57_high__USE2_HANDWASH20__USE2_MASK,USE2_HANDWASH20,USE2_MASK,USE2_HANDWASH20,USE2_MASK,0.1960369247436114,0.17814137556624407,0.06884079065141596,0.03873260357476405,0.31649178661552935,0.987,1000
g075,gamma_075,0.75,57,high,407,ctx_w57_high,net_g075_w57_high,net_g075_w57_high__USE2_HANDWASH20__USE2_SPACE150,USE2_HANDWASH20,USE2_SPACE150,USE2_HANDWASH20,USE2_SPACE150,0.11723534902493947,0.10432354560606052,0.05223178615291153,-0,0.2058922357783252,0.959,1000
g075,gamma_075,0.75,57,high,407,ctx_w57_high,net_g075_w57_high,net_g075_w57_high__USE2_MASK__WORRY_HEALTH_SYSTEM,USE2_MASK,WORRY_HEALTH_SYSTEM,USE2_MASK,WORRY_HEALTH_SYSTEM,0.11375086878379939,0.09529394595138321,0.05116348040068578,0,0.19673987939406284,0.934,1000
g075,gamma_075,0.75,57,high,407,ctx_w57_high,net_g075_w57_high,net_g075_w57_high__AFF_WORRY__SEVERITY,AFF_WORRY,SEVERITY,AFF_WORRY,SEVERITY,0.09386567845829775,0.08729139444407752,0.04606845801322209,0,0.17881120088606622,0.954,1000
g075,gamma_075,0.75,57,high,407,ctx_w57_high,net_g075_w57_high,net_g075_w57_high__USE2_HANDWASH20__WORRY_HEALTH_SYSTEM,USE2_HANDWASH20,WORRY_HEALTH_SYSTEM,USE2_HANDWASH20,WORRY_HEALTH_SYSTEM,0.0822927967992277,0.07105323353093916,0.04748630403795763,0,0.1684929657031978,0.864,1000
g075,gamma_075,0.75,57,high,407,ctx_w57_high,net_g075_w57_high,net_g075_w57_high__AFF_FEAR__USE2_AVOID,AFF_FEAR,USE2_AVOID,AFF_FEAR,USE2_AVOID,0.07977094358787512,0.0666317035751432,0.044843271035029664,0,0.15612321062203816,0.87,1000
g075,gamma_075,0.75,57,high,407,ctx_w57_high,net_g075_w57_high,net_g075_w57_high__USE2_AVOID__WORRY_HEALTH_SYSTEM,USE2_AVOID,WORRY_HEALTH_SYSTEM,USE2_AVOID,WORRY_HEALTH_SYSTEM,0.07760698303850284,0.06651356003055524,0.04853695198225136,0,0.1630524748620163,0.846,1000
g075,gamma_075,0.75,57,high,407,ctx_w57_high,net_g075_w57_high,net_g075_w57_high__USE2_AVOID__USE2_HANDWASH20,USE2_AVOID,USE2_HANDWASH20,USE2_AVOID,USE2_HANDWASH20,0.07604008486276963,0.07028813253542934,0.04952809203138158,0,0.17011472927275947,0.856,1000
g075,gamma_075,0.75,57,high,407,ctx_w57_high,net_g075_w57_high,net_g075_w57_high__USE2_MASK__USE2_SPACE150,USE2_MASK,USE2_SPACE150,USE2_MASK,USE2_SPACE150,0.06458220888987162,0.060970943662363664,0.055062208892474235,0,0.18557763467903968,0.73,1000
g075,gamma_075,0.75,57,high,407,ctx_w57_high,net_g075_w57_high,net_g075_w57_high__USE2_AVOID__USE2_MASK,USE2_AVOID,USE2_MASK,USE2_AVOID,USE2_MASK,0.061107565834063675,0.058944881295725636,0.04845712825298485,0,0.15966615593735067,0.78,1000
g075,gamma_075,0.75,57,high,407,ctx_w57_high,net_g075_w57_high,net_g075_w57_high__AFF_WORRY__USE2_SPACE150,AFF_WORRY,USE2_SPACE150,AFF_WORRY,USE2_SPACE150,0.0424758401645531,0.03745049735546676,0.03768660398164417,0,0.12094927173243901,0.657,1000
g075,gamma_075,0.75,57,high,407,ctx_w57_high,net_g075_w57_high,net_g075_w57_high__SEVERITY__USE2_HANDWASH20,SEVERITY,USE2_HANDWASH20,SEVERITY,USE2_HANDWASH20,0.04081602538155085,0.030733806450116856,0.036311511307175894,0,0.11638275576815028,0.539,1000
g075,gamma_075,0.75,57,high,407,ctx_w57_high,net_g075_w57_high,net_g075_w57_high__AFF_FEAR__WORRY_HEALTH_SYSTEM,AFF_FEAR,WORRY_HEALTH_SYSTEM,AFF_FEAR,WORRY_HEALTH_SYSTEM,0.03496788671041711,0.04059089377127731,0.03888890425771973,0,0.13084632922486228,0.721,1000
g075,gamma_075,0.75,57,high,407,ctx_w57_high,net_g075_w57_high,net_g075_w57_high__AFF_FEAR__USE2_HANDWASH20,AFF_FEAR,USE2_HANDWASH20,AFF_FEAR,USE2_HANDWASH20,0,0.005528969081499536,0.01588812131394766,0,0.05983359308636425,0.185,1000
g075,gamma_075,0.75,57,high,407,ctx_w57_high,net_g075_w57_high,net_g075_w57_high__AFF_FEAR__USE2_MASK,AFF_FEAR,USE2_MASK,AFF_FEAR,USE2_MASK,0,0.005735048972652603,0.01495019838369287,0,0.053831137506751364,0.184,1000
g075,gamma_075,0.75,57,high,407,ctx_w57_high,net_g075_w57_high,net_g075_w57_high__AFF_FEAR__USE2_SPACE150,AFF_FEAR,USE2_SPACE150,AFF_FEAR,USE2_SPACE150,0,-0.006873916996243975,0.023544177078229405,-0.08649168416680789,0,0.096,1000
g075,gamma_075,0.75,57,high,407,ctx_w57_high,net_g075_w57_high,net_g075_w57_high__AFF_WORRY__USE2_AVOID,AFF_WORRY,USE2_AVOID,AFF_WORRY,USE2_AVOID,0,0.0071428857816664875,0.016220620145231953,0,0.05802825061073744,0.238,1000
g075,gamma_075,0.75,57,high,407,ctx_w57_high,net_g075_w57_high,net_g075_w57_high__AFF_WORRY__USE2_HANDWASH20,AFF_WORRY,USE2_HANDWASH20,AFF_WORRY,USE2_HANDWASH20,0,0.00131934668476396,0.009787727036668267,0,0.026513466901688897,0.081,1000
g075,gamma_075,0.75,57,high,407,ctx_w57_high,net_g075_w57_high,net_g075_w57_high__AFF_WORRY__USE2_MASK,AFF_WORRY,USE2_MASK,AFF_WORRY,USE2_MASK,0,0.004712738006827149,0.012980896223423606,0,0.047944356738786484,0.168,1000
g075,gamma_075,0.75,57,high,407,ctx_w57_high,net_g075_w57_high,net_g075_w57_high__SEVERITY__USE2_AVOID,SEVERITY,USE2_AVOID,SEVERITY,USE2_AVOID,0,0.014062312156584858,0.025725320655258822,0,0.08477492597792739,0.318,1000
g075,gamma_075,0.75,57,high,407,ctx_w57_high,net_g075_w57_high,net_g075_w57_high__SEVERITY__USE2_MASK,SEVERITY,USE2_MASK,SEVERITY,USE2_MASK,0,0.0011493982271947537,0.010735029392273237,0,0.02506002236648625,0.083,1000
g075,gamma_075,0.75,57,high,407,ctx_w57_high,net_g075_w57_high,net_g075_w57_high__SEVERITY__USE2_SPACE150,SEVERITY,USE2_SPACE150,SEVERITY,USE2_SPACE150,0,4.15766773011598e-4,0.013197470958810775,0,0.03298673613009067,0.073,1000
g075,gamma_075,0.75,57,high,407,ctx_w57_high,net_g075_w57_high,net_g075_w57_high__SEVERITY__WORRY_HEALTH_SYSTEM,SEVERITY,WORRY_HEALTH_SYSTEM,SEVERITY,WORRY_HEALTH_SYSTEM,0,0.0034046643927711407,0.01576850172559321,0,0.04698406267273499,0.148,1000
g075,gamma_075,0.75,57,high,407,ctx_w57_high,net_g075_w57_high,net_g075_w57_high__USE2_SPACE150__WORRY_HEALTH_SYSTEM,USE2_SPACE150,WORRY_HEALTH_SYSTEM,USE2_SPACE150,WORRY_HEALTH_SYSTEM,0,0.008811834423097424,0.020257867642388152,0,0.06697273740178089,0.259,1000
g075,gamma_075,0.75,57,low,336,ctx_w57_low,net_g075_w57_low,net_g075_w57_low__AFF_FEAR__AFF_WORRY,AFF_FEAR,AFF_WORRY,AFF_FEAR,AFF_WORRY,0.6695423066809171,0.6448757501694983,0.03983501704485997,0.5658342674179249,0.7151700274124234,1,1000
g075,gamma_075,0.75,57,low,336,ctx_w57_low,net_g075_w57_low,net_g075_w57_low__USE2_AVOID__USE2_SPACE150,USE2_AVOID,USE2_SPACE150,USE2_AVOID,USE2_SPACE150,0.335093813640658,0.32244416573569035,0.047238830802663466,0.22662134970622244,0.41298332002747157,1,1000
g075,gamma_075,0.75,57,low,336,ctx_w57_low,net_g075_w57_low,net_g075_w57_low__USE2_MASK__USE2_SPACE150,USE2_MASK,USE2_SPACE150,USE2_MASK,USE2_SPACE150,0.2950257318286385,0.2810368691212535,0.05684085677006959,0.16448484072243952,0.3882012086448334,1,1000
g075,gamma_075,0.75,57,low,336,ctx_w57_low,net_g075_w57_low,net_g075_w57_low__USE2_HANDWASH20__USE2_SPACE150,USE2_HANDWASH20,USE2_SPACE150,USE2_HANDWASH20,USE2_SPACE150,0.2825802873015051,0.27700519930100176,0.05566821845174217,0.16594310989389072,0.38489403444805137,1,1000
g075,gamma_075,0.75,57,low,336,ctx_w57_low,net_g075_w57_low,net_g075_w57_low__USE2_HANDWASH20__USE2_MASK,USE2_HANDWASH20,USE2_MASK,USE2_HANDWASH20,USE2_MASK,0.229682256068817,0.2210221084635483,0.05870833226172805,0.10612430590050977,0.3344068965493347,1,1000
g075,gamma_075,0.75,57,low,336,ctx_w57_low,net_g075_w57_low,net_g075_w57_low__AFF_WORRY__SEVERITY,AFF_WORRY,SEVERITY,AFF_WORRY,SEVERITY,0.1815428600199411,0.17737032022315224,0.05652320471419502,0.06433856990451414,0.2819068429041667,0.999,1000
g075,gamma_075,0.75,57,low,336,ctx_w57_low,net_g075_w57_low,net_g075_w57_low__AFF_WORRY__WORRY_HEALTH_SYSTEM,AFF_WORRY,WORRY_HEALTH_SYSTEM,AFF_WORRY,WORRY_HEALTH_SYSTEM,0.1811611855217483,0.17427887529207434,0.05144788127742585,0.07876720678527607,0.2708726110527573,1,1000
g075,gamma_075,0.75,57,low,336,ctx_w57_low,net_g075_w57_low,net_g075_w57_low__USE2_AVOID__USE2_HANDWASH20,USE2_AVOID,USE2_HANDWASH20,USE2_AVOID,USE2_HANDWASH20,0.17888987497719974,0.16805522811048376,0.052912387593724325,0.06581994298102925,0.2707116179459976,0.999,1000
g075,gamma_075,0.75,57,low,336,ctx_w57_low,net_g075_w57_low,net_g075_w57_low__USE2_MASK__WORRY_HEALTH_SYSTEM,USE2_MASK,WORRY_HEALTH_SYSTEM,USE2_MASK,WORRY_HEALTH_SYSTEM,0.17056037813681685,0.15693093697419314,0.04903250204225151,0.05980054386081767,0.25429625143747714,0.999,1000
g075,gamma_075,0.75,57,low,336,ctx_w57_low,net_g075_w57_low,net_g075_w57_low__USE2_AVOID__WORRY_HEALTH_SYSTEM,USE2_AVOID,WORRY_HEALTH_SYSTEM,USE2_AVOID,WORRY_HEALTH_SYSTEM,0.14932788326222646,0.13140521964023716,0.050667306146466834,0.03392704093767343,0.23014457074513905,0.996,1000
g075,gamma_075,0.75,57,low,336,ctx_w57_low,net_g075_w57_low,net_g075_w57_low__SEVERITY__WORRY_HEALTH_SYSTEM,SEVERITY,WORRY_HEALTH_SYSTEM,SEVERITY,WORRY_HEALTH_SYSTEM,0.14214543109141875,0.13681122013441574,0.05021010373263391,0.037978686240512226,0.22870270428574832,0.993,1000
g075,gamma_075,0.75,57,low,336,ctx_w57_low,net_g075_w57_low,net_g075_w57_low__SEVERITY__USE2_AVOID,SEVERITY,USE2_AVOID,SEVERITY,USE2_AVOID,0.09505651296386458,0.08808392325513154,0.04799338697733571,0,0.1829343195216713,0.957,1000
g075,gamma_075,0.75,57,low,336,ctx_w57_low,net_g075_w57_low,net_g075_w57_low__AFF_FEAR__SEVERITY,AFF_FEAR,SEVERITY,AFF_FEAR,SEVERITY,0.08362668418796808,0.08710851677226306,0.053513936910394744,0,0.19781489205473266,0.933,1000
g075,gamma_075,0.75,57,low,336,ctx_w57_low,net_g075_w57_low,net_g075_w57_low__AFF_WORRY__USE2_MASK,AFF_WORRY,USE2_MASK,AFF_WORRY,USE2_MASK,0.0831061374360172,0.06219899648068502,0.03636158620075335,0,0.13709205781368897,0.94,1000
g075,gamma_075,0.75,57,low,336,ctx_w57_low,net_g075_w57_low,net_g075_w57_low__SEVERITY__USE2_SPACE150,SEVERITY,USE2_SPACE150,SEVERITY,USE2_SPACE150,0.05183760031258313,0.039603821732227304,0.03718817288167149,0,0.11874831184427545,0.737,1000
g075,gamma_075,0.75,57,low,336,ctx_w57_low,net_g075_w57_low,net_g075_w57_low__AFF_FEAR__WORRY_HEALTH_SYSTEM,AFF_FEAR,WORRY_HEALTH_SYSTEM,AFF_FEAR,WORRY_HEALTH_SYSTEM,0.03656879879693678,0.04443378901732957,0.04186402605501457,0,0.13960784198672926,0.748,1000
g075,gamma_075,0.75,57,low,336,ctx_w57_low,net_g075_w57_low,net_g075_w57_low__USE2_AVOID__USE2_MASK,USE2_AVOID,USE2_MASK,USE2_AVOID,USE2_MASK,0.027473595089256706,0.043251469012598624,0.04025512057211543,0,0.13472657497509297,0.762,1000
g075,gamma_075,0.75,57,low,336,ctx_w57_low,net_g075_w57_low,net_g075_w57_low__AFF_FEAR__USE2_AVOID,AFF_FEAR,USE2_AVOID,AFF_FEAR,USE2_AVOID,0.01761082441297138,0.016066059435313064,0.024596967330091476,0,0.08311062147486498,0.475,1000
g075,gamma_075,0.75,57,low,336,ctx_w57_low,net_g075_w57_low,net_g075_w57_low__AFF_FEAR__USE2_MASK,AFF_FEAR,USE2_MASK,AFF_FEAR,USE2_MASK,-0.0173779072867365,-0.0010914338519244545,0.013769766330527167,-0.043435317558254284,0.018857678653650466,0.118,1000
g075,gamma_075,0.75,57,low,336,ctx_w57_low,net_g075_w57_low,net_g075_w57_low__AFF_WORRY__USE2_HANDWASH20,AFF_WORRY,USE2_HANDWASH20,AFF_WORRY,USE2_HANDWASH20,0.01622139000961293,0.01462827702936088,0.024768554127682866,0,0.0828409669511873,0.456,1000
g075,gamma_075,0.75,57,low,336,ctx_w57_low,net_g075_w57_low,net_g075_w57_low__AFF_WORRY__USE2_AVOID,AFF_WORRY,USE2_AVOID,AFF_WORRY,USE2_AVOID,0.011012312293444688,0.018848530912835556,0.026017800166681843,0,0.08800604385702901,0.525,1000
g075,gamma_075,0.75,57,low,336,ctx_w57_low,net_g075_w57_low,net_g075_w57_low__USE2_HANDWASH20__WORRY_HEALTH_SYSTEM,USE2_HANDWASH20,WORRY_HEALTH_SYSTEM,USE2_HANDWASH20,WORRY_HEALTH_SYSTEM,0.009586647413466098,0.021346417129085662,0.032449466201875596,0,0.10345143415176017,0.499,1000
g075,gamma_075,0.75,57,low,336,ctx_w57_low,net_g075_w57_low,net_g075_w57_low__AFF_FEAR__USE2_HANDWASH20,AFF_FEAR,USE2_HANDWASH20,AFF_FEAR,USE2_HANDWASH20,0,0.003967486721398646,0.018542638339070924,-0.034103845924706465,0.05135485403905658,0.251,1000
g075,gamma_075,0.75,57,low,336,ctx_w57_low,net_g075_w57_low,net_g075_w57_low__AFF_FEAR__USE2_SPACE150,AFF_FEAR,USE2_SPACE150,AFF_FEAR,USE2_SPACE150,0,-2.1017703102527133e-4,0.012664877771422585,-0.03794053858502025,0.02653119346812344,0.13,1000
g075,gamma_075,0.75,57,low,336,ctx_w57_low,net_g075_w57_low,net_g075_w57_low__AFF_WORRY__USE2_SPACE150,AFF_WORRY,USE2_SPACE150,AFF_WORRY,USE2_SPACE150,0,0.011455259507917351,0.020056631705790178,0,0.06797903260040158,0.406,1000
g075,gamma_075,0.75,57,low,336,ctx_w57_low,net_g075_w57_low,net_g075_w57_low__SEVERITY__USE2_HANDWASH20,SEVERITY,USE2_HANDWASH20,SEVERITY,USE2_HANDWASH20,0,0.007960103134018374,0.02245545431427058,0,0.07478851574291841,0.285,1000
g075,gamma_075,0.75,57,low,336,ctx_w57_low,net_g075_w57_low,net_g075_w57_low__SEVERITY__USE2_MASK,SEVERITY,USE2_MASK,SEVERITY,USE2_MASK,0,0.005751912872753127,0.02445359195092129,-0.05103701759872695,0.06283923433771259,0.307,1000
g075,gamma_075,0.75,57,low,336,ctx_w57_low,net_g075_w57_low,net_g075_w57_low__USE2_SPACE150__WORRY_HEALTH_SYSTEM,USE2_SPACE150,WORRY_HEALTH_SYSTEM,USE2_SPACE150,WORRY_HEALTH_SYSTEM,0,0.01227829580574947,0.026379408199442792,0,0.08403006073025433,0.369,1000
